negative	보는 내내 불편한 감정이 한가득. 장르가 공포었어?
negative	감동 없고 그냥 노잼영화
positive	외모지상주의라 성형 공화국이된 울나라 성형에 대해서 풍자한 애니 잘 봤슴니다
negative	평식아 니가 액션한번해봐라니따위폼이어떤가보게
positive	스토리는 그저그런데 남주혁 한지민으로 눈호강특히 남주혁 비주얼이 다했다!!!!
positive	근래 본 전쟁 영화중 최고라 감히 말 합니다.마지막 장면에선 눈물이 ㅜㅜ보는 내내 화가 치밀고 안타까웠지만,그래도 시간이 지난 후 이들의 노력이 인정 받은거 같아 그나마 위로가 되네요.강추합니다 꼭 보세요.
positive	가족 중에 최고를 뽑자면, 어기의 누나를 뽑겠다. 어린나이인데도 불구하고 그런 따뜻한 마음을 가질 수 있을까? 부럽다. 아빠 엄마를 포함해서 저런 가족이 있다는게 부럽다.
positive	남자주인공 얼굴, 성격이 가슴 후벼놓는다... 실존인물은 아니지만 잘 지내길 ㅜㅜ
positive	평소 묵주기도를 즐겨하는데 영화를 보니 크게 와닿고 감명 깊네요. 개봉한날 보았는데 영화관 관람객이 2명이었습니다.. 사람들이 외면하는 영화인 것같았지만 저는 영화가 감성적이고 여운이 남아서 좋았습니다.
positive	이해력 딸려서 완전히 이해 못 했는데 훗날  나는 10점을 줬다 일어난 일이 일어난 것이다
positive	<벌이 날다>라는 영화를 보고 민병훈감독을 알게되었고 <터치>영화까지 보게되었다 그들이 그리고 우리가 바라는 기적들은 끝내 나타나지 않을지라도 치열한 삶 가운데 사랑을 가슴에 담아가게되는 것이 인생이 아닐까하는 삶의 의미를 다시 생각하게해주었다 모처럼 괜찮은 감독의 좋은 영화를 만난 것같다
positive	참 담배 맛깔나게 핀다 브래드피트
negative	쓰레기지 뭐 이런건 만들지 마라 제발 더럽다
negative	솔직히 요즘시대에 여당 야당 영화 정말 흥미 없네요
negative	구성은 꽤 불친절했지만 영석의 뒷 모습에 마음이 저리다. 남주혁.  10년 후가 더 더 더 기대되는 배우.
negative	잔잔하게 보긴 좋은데 좀 지루하네요...ㅋㅋ
negative	개쌉쓰레기같은영화.
positive	간만에  이런 수작이나오다니~~~
positive	감동 그자체!!!다시봐도 질리지 않는 영화네번째봐도 눈물 주루룩또 보고싶네요..연기자 연기력이 후덜덜손예진 조승우 이기우 조욘들 연기도 훌륭해요ost도 한몫하고요요즘은 그런 감동과 가슴아련한 영화가 없어요
positive	오~ 그땐 알수없었지만 지금은 알수있는역사에 숨겨진 비밀 한페이지를 읽은 느낌!!!실화인 영화는 무조건 믿고 보는편^^
positive	근래에 봤던 영화중에서 당연 최고인듯왜 이제야봤지..
positive	학교에서 봤는데 내가 호러파라서 처음엔 못마땅했는데 진짜 개재밌더라
positive	경애하는 푸동지 만세!!
positive	진짜 몇년동언 보고 봐도 눈물나고 감동적이고 사랑스러운 영화
positive	ㄹㅇ 미쳤습니다. 꼭 보세요
negative	연출이 쓰레기 연기도 쓰레기
negative	무지개가 그런 의미로 사용되는게 거북하다
negative	암말안하겠습니다...
positive	사비나 슈필라인을 알게된계기와 키이나 나이틀리의 연기와 시대적 배경의 영상미!!
negative	ㅉㄲ 영화 ㄲㅈㄹ ㅇㅇㅇ
positive	예진이 누나...미소가 너무 아름답습니다ㅜㅜ
positive	아 옛날영화인데..심장이 쪼그라들고  공포영화보다 더 무서워요ㅠㅋ 수명 몇년은 단축된듯
positive	영화관에서 못 본 걸 제일 후회하는 영화
positive	그냥 뻔하고 투박하고 상투적이고 예측가능하다. 그래서 너무너무 좋은 영화
positive	처음부터 끝까지 명장면입니다10번을 넘게봐도 가슴 한쪽이 찡하네요손예진.조승우 연기도 완벽했어요
positive	한국판으로 잘 나타낸 것 같아요 남주혁 안어울릴 줄 알았는데 주연 배우들도 너무 좋았습니다. 너무 잔잔하다고 하시는 분들 원래 이 영화는 다이나믹한 영화가 아니지않나요ㅠㅠ 잔잔한 맛으로 먹먹하게 잘 봤습니다
positive	여운 크게 남아요 ㅠㅠ 지루하시디는분도 있는데 저는 감동있게 봤어욭
positive	추억을 겨울감성에 잘 묻어냈습니다. 여러 번 볼 것 같습니다. 꼭 보세요^^
positive	김영애 배우님 연기가 참 좋았습니다.여자 아이와 주고받는 대화속에 눈빛이 가장 기억에 남아요.
negative	내가 이걸 왜 봤을까 나도 나를 모르겠다
positive	초반의 스토리전개는 평범했으나 결말로 갈수록 충격적인 스토리가 펼쳐진다. 기대하나도 안하고 봤는데 연출이나 스토리짜임새나 연기력이나 뭐 하나 빠지는게 없는 영화다. 이 영화도 기생충처럼 상 좀 받아야 하는 영화야~~~ 간만에 가벼운 소재들의 한국영화가 아닌 훌륭한 한국영화한편 봤다. 춫천!
positive	다른 영화들은 이해하려고 느끼지만 이 영화는 느낌 그 자체이다.
positive	영화 속 모든 공간과 계절을 담은 섬세한 연출, 잔잔한 여운이 가득 남네요.
negative	옛날 영화라서 그런지 설명 없는 현상을 지켜보는 내가 다 조마조마.. 아이고 정미야. 소리만 꽥꽥 질러대는 민폐 캐릭터 ㅡㅡ  박보영에게 3점, 나머진 1점.
negative	한지민 남주혁 보러갔는데 인내심 테스트하는것 같았다 부모님세대들은 노잼이라고 하신다
positive	도굴 이라는 어찌보면 식상한 주제인데 이제훈의 익살스러운 연기가 넘 재미있고 반전의 반전이 재미있어요
positive	한지민, 남주혁의 믿고 보는 호흡이 돋보인 작품이었다.
positive	응? 왜 결말이 이상하다 그러지?전체적인틀은 원작이랑 비슷한데ㅋㅋ개인적으로 재밋게 봣음!
negative	긴장감을 루즈하지않게 잘 끌고 가는 연출과 배우들 연기 특히 딸의 연기가 좋았습니다! 근데 마지막 반전은 좋긴한데 뭔가 좀 아쉽네요...이런 비슷한 반전을 가진 영화들이 이젠 너무 많아져서 그런가..ㅎㅎ
positive	아이들과 같이 역사 공부한 뒤에 같이 봤습니다. 조선어학회 사건과 같이 일제강점기 때 우리나라 생활모습을 잘 보여준 영화라서 상당히 교육적이에요 관객수가 많지 않아서 슬프네요 ㅠㅠ
positive	모든것을다 뒤로하고 가슴하나로만사랑한 그때를 너무예쁘고아름답게담아냈네요 남주혁 한지민의 연기도너무좋았습니다 여운이오래갈거같아요
positive	빨리 보고싶어요. 잔잔한 영화 기대됩니다
positive	요즘 뉴트로 시대답게, 1991년의 실화를 모티브로 하고 1995년을 극중 배경으로 하면서도 2020년 현재까지 유효한 영화적 재해석을 내놓았다. 그것도 너무 무겁지 않고 관객들이 편하게 즐기기 좋은 정도로만 준비했다. 영화계에서 다양한 역할을 맡아 온 이종필 감독의 능력이 만개했음을 확인할 수 있다. 어린 나이에 이미 최정상급 배우가 된 고아성이 극을 이끌고, 미셸 파이퍼를 연상시키는 이솜, 드라마 청춘시대로 이름을 알린 박혜수까지 모두 좋은 연기를 보여주었다.
negative	뮤지컬 영화를 좋아하는 편이지만, 아쉬움이 크다. 주려는 메시지가 지나치게 교과서적이라 별 감흥이 없고, 귀에 딱 꽂히는 노래가 없다. 캐릭터와 서사를 늘어놓은 느낌에서 끝나버린다. 캐스팅은 좋지만 그것만으로는 역부족.
positive	물에 젖어드는 옷같은 공포속의 절망하는 군인들. 전쟁은 누구를 위한 것이며 결국 훌륭함의 훈장은 물건뿐이지 않는가.
negative	먼가ㅂㅅ같음 진짜 이딴류 젤 싫어함
negative	이딴 걸 왜 수입함?
positive	중반부까지는 재밌음 연기는 쩔음
negative	너무나도 지루한 영화... 하품만 하다가 왔네요...캐미도 별로고 스토리도 너무 무난할껄 떠나 지루..
positive	최고의 영화
positive	별 생각없이 보기 시작했는데 스토리는 뻔해도 멋진 비주얼의 두 배우가 연기도 잘하니 몰입해서 보게 되네요
positive	개봉하자마자 imax관에서 봤는데 영상미가 정말 훌륭하더군요...7년이 지난 지금 봐도 명작입니다. 그리고 무엇보다 제목처럼 그래비티...중력...조조로 봤는데 영화관을 나서면서 따뜻한 햇살과 내가 밟고 있는 땅에 감사하며 카타르시스를 느꼈습니다. 정말 엄청난 영화입니다.
positive	영화 잘 만들었네요~ 이런 대작 정말 오랜만에 보는거 같습니다. 근데 여기 평점이 왜 이러죠? 이제 영화 평점란도 정치충들이 점령한건가?
positive	아마겟돈 장르를 비교적 현실감있게 그려내면서 가족애의 감동도 잘 끌고감. 역대 아마겟돈 장르 무엇과 견주어도 손색이 없다. 혜성의 정보와 관련한 자세한 내용이 있었으면 하는 아쉬움이 있지만 가족 중심의 시점이기 때문에 감수해야하는 부분
positive	우한폐렴 상황을 정말 정확히 예측했네요...
negative	최악. 배우들이 아깝다
positive	개쩌러 1인7역 소름ㅋ
positive	영상미가좋았구요.. 남주혁이 조제에게 보인것은 진정 사랑이었을까요?.. 조제가 안고살아갈슬픔과감정..  흠, . ㅜ
positive	배우들이 다 좋았습니다특히 토일 아역분과 이주원 배우님 연기는 금강불괴였습니다. 감독님 또 영화 만들어주세요~~
positive	문정권 하는 꼬라지 보다가 누가 이 영화 언급해서 봤는데 소름돋게 닮았네 국민들이 일어나지 않는다는 점 빼고..현실에서는 영화같은 결말이 나오기 어렵다는게 안타까울 따름이다
positive	꼭 봐야할 영화 2위
negative	별로 볼거없는 베트남배경에 게이영화네요 영화정보에 게이영화는 좀 표시해주시길! 요새 콜미바이유어네임기븐 프롬 우린 춤을추었다등 참 보다가 당황스런 영화들 많아요
negative	내용도 식상하고 액션도 식상하던데, 왜 영화 제목이 유명한지 모르겠다. 아마도 69년 작품을 리메이크 한듯
positive	김수현의 모든 것을 보는 기분? 스토리가 다소 어려워 두 번 보고 난 후 이해가 다 되었지만, 시도하기 어려운 영화를 만들었다는 생각이 들었어요. 멋진 영화이고, 분열된 세 자아를 연기한 김수현씨 너무 멋졌습니다.
negative	역사왜곡을 밥먹도록하고 중화사상에 찌들어있는 짱깨영화를 돈주고 본다? 그 돈으로 지나가는 똥개한테 개껌 하나 사서 던져주는게 낫겠다.
positive	전종서분이 연기를 너무 잘하심, 스토리도 너무 잘 짰음
positive	지루하게 담담한..잔잔하게 마음 아린 영화,여운이 긴 가끔 다시 보고픈 영화.
negative	다 된 원작에 재뿌렸네요 별점 1점이 아까우ㅓ요 참 ㅋㅋ
positive	손예진은 아름답고 이쁘다.
positive	원작에 비해 부족하지만...그래도 조제의 성장기 잘 보았습니다.
negative	너무 지루해요. 평점이 너무 높은 거 같은데..
positive	아니..머지....내 생일에...조제..내이름이..조제X인데...아직 영화는 안봄..
negative	최악. 누구에게 이입을 해야할지 모르겠다.
positive	감독 연기가 쩔었다 ㅋㅋ 이병~ 허*지*훈
positive	그래도 곽도원은 빛나네.
positive	잔잔하지만 전혀 잔잔하지 않다 드니 빌뇌브 감독 영화만의 매력인 듯
positive	제목 그대로라고 생각. 원작은 제목처럼 호랑이나 물고기 등 좀 더 동화같은 느낌이 강하다면, 리메이크된 '조제' 는 그런 요소들은 좀 더 빠져 원작을 기대하고 본다면 실망할 수도 있다고 본다. 사랑을 받고 배우는 과정에서 사람들을 순리대로, 스스로 떠나보내며 성장하는 조제의 성장에 중점을 둔 것 같아 원작과 비슷하면서도 다른 울림이 있었다. 리메이크라고 해서 다 똑같이 만들기보다 리메이크작만의 새로운 무언가도 중요하다고 생각하기 때문에 꽤 좋게 봤고, 특히 마지막장면과 엔딩크레딧때문에 한번쯤 더 보고 싶다는 생각도 든다.
negative	원작을 너무 감명깊게 본 사람으로썬 정말 실망이 커요,, 원작에서 중요한 장면들도 다 삭제되고, 전반적인 영화의 흐름이 너무 갑작스럽게 억지로 이어가는 것 같아요. 원래 서서히 좋아하고 서서히 마음이 식어가는게 잘 보여야지 마지막에 남주혁의 눈물에 공감이 갈텐데 그런게 없어요.. 실망입니다...
negative	죄송해요..원래 잔잔한 영화 잘 보는데,,이건..잤어요 ㅜㅜ 영상미는있는데 너무 옛날느낌이고둘다 너무 유명한배우라 그런지..감정몰입이 잘안되었어요.
positive	SNS충들의 리얼영화버전
positive	반전이 존재했다는 것에 놀라고 갑니다.. 그리고 배우들 연기가 좋아요!
positive	오랜만에 영화보는 느낌이었다.
negative	쓰레기 중국영화 중국뽕 이런걸 누가 수입 했냐? 달러 남아 도냐?
positive	말이 필요없는 명작..
negative	패미니즘에 대기업을 악의축으로 묘사하고 미국을 주적으로 그리는 전형적인 시대코인 영화. 감독은 억지 감동으로 신파를 구성합니다. 보고 별점 높으신 분들의 성별과 성향이 보이는 영화.
positive	다시봐도봐도 재미있고 감동이 가슴을 울리네요.. 첫사랑의 설레임과 이루어지기 힘든 사랑의슬픔 결론적으론 감동적! 두배우의 풋풋함은 덤~
positive	감동을주고재미있다 마음에 든다
positive	배우들만 보고 예매했던 거였는데 기대 이상이었어요 영화 템포가 살짝 느려서 지루한 감이 없지 않아 있었는데 분위기랑 감정 흐름이... 끝장나요 영화가 끝나고 엔딩 크레딧이 올라가는 걸 멍하니 보기만 했어요 춥지만 따뜻했던 너무 절절하고 슬픈 건 아니었지만 때론 덤덤한 게 더 마음 아프게 다가오네요 겨울에 딱 어울리는 영화예요 좋은 영화 정말 감사드립니다
positive	우선, 영화 제목에서 연상될 수 있는 물을 포도주로 변화시킨 사건은 나오지 않습니다.좋았던 점으로는, 갈릴리 지역의 결혼 풍습에 대한 접근과 설명이 잘 되어 있었습니다. 이를 통해 예수님의 여러 비유에 대한 이해의 폭을 넓힐 수 있었습니다. 그리고 영상미도 괜찮았습니다.다만 아쉬웠던 점으로는, 미국의 교회 현실을 바탕으로 접근하고 있기 때문에, 재림에 대해 어느정도 신앙을 간직하고 있는 한국교회의 성도들에게는 영화의 강조점이 다소 생뚱맞게 느껴질 수도 있겠네요. 그리고 최신의 연구 결과를 말하고 있는데, 연구진행과정이나 문헌적 근거가 등장하지 않은 점도 아쉬웠습니다.그래도 다시금 재림 신앙에 대해 고찰하며, 신앙을 다잡을 수 있는 좋은 계기가 되었네요.
negative	전 최악이였습니다.. 참고루 원작이 제 인생영화 한 열번은 본 제가 제일 아끼는 영화였는데 그래서그런지 너무 .. 원작을 망친영화였습니다 너무 한국화를 많이시키고 쓸데없이 로드뷰는계속나오고;; 원작의 감성을 확 죽인 영화였음
positive	결혼해서도 혼자 같이 느끼는 경우가 많다던데 영화로 다뤄지니 생각을 하게 만드네요
너무 영화가 평면적...
negative	재개봉해서 보러갔지만 어떻게 옛날영화가 지금 극장에 걸려있는 한국영화들보다 잘만들었냐?
negative	영화라고 생각하지말고 긴 뮤비라고 생각하고 봐야됨 그냥 니엘이 얼굴이 존잼인 이유로 볼 이유됨 오늘 또 보러감
positive	호아킨 피닉스의 연기는 조커 그 자체였어요.굉장했어요.
positive	그냥 편하게 보시면 될거 같아요
negative	진짜 네이버는 평점1점 말고 마이너스 점수때도 만들어야함. 아무리 차이나 머니로 손해봐도 보상해준다고 해도 이런 영화 수입 하는 배급사나 상영하는 극장은 무엇인지 모르겠다. 중국에 영화 수출하거나 극장 열 때 뒤봐주기로 한건지. 이런 ㅇㅇ화 만들어서 외국에 수출하는 중국 공산당 사상이 정말 무섭다 중국 국민은 모르지만 중국 공산당은 반드시 사라져야할 존재들이라 느낌. 여기서 진핑이 얘기함 에구 ㅌㅌㅌ freedom to hongkong
positive	잔잔하게 쌓여가는 감동... 엔딩 크레딧 아이유 자장가까지 참 공들였구나 싶었음
positive	공효진웃을때 정말설래더라
positive	가슴이 먹먹함, 소재의 독특함, 인간심리의 깊은 탐구...
negative	원작 팬으로써 .., 당연한건지 모르겠지만 너무 실망입니다... ㅠ
positive	시그널로 시작해서 루퍼로 끝나는... 시대를 넘나드는 전종서의 열연
positive	지금 나왔으면 관객수 500만은 훌쩍 넘었을듯! 최고의 감동!
negative	평범한 무술관장에게 항일애국의 짐을 억지로 올려놓는다.
positive	소중한 아이들 소중한 시간들
positive	깍두기가 되서 주인공들이랑 함께 한 기분? 이 영화는 미쳤음 배우들 연기력도 디짐
negative	배우들 연기는 정말 좋은데 원작을 한국 느낌으로 변형시키는 과정에서 아쉬운 부분이 너무나 많았습니다.. 특히 중간중간 이상한 대사들 때문에 캐릭터 매력이 많이 반감됩니다. 자연스러운 배우들 얼굴과 감성적인 연기는 너무 좋았기 때문에 더 아쉽습니다.
positive	석구에 몰입이 되어 폭풍 오열하며 영화를 보았습니다.많은 사람들이 이 영화를 통해 발달장애인에 대한 이해와 더불어 장애에 대한 인식이 개선 되기를 바랍니다
positive	정말좋아 이거 정말 좋아
negative	요즘 넷플에 떠서 봤는데 현재 시국에 비춰볼땐 너무 철지난 옛정권비판영화임.거의 조선시대 세도정치 비판하는 사극보는 느낌이었음..배우들 연기는 좋음.
negative	무슨 이런ㅋㅋㅋ영화가 있나 싶네요.. 취향이 갈릴만한 영화인것같아요!
negative	에효 진짜 어이가없다 ㅋㅋㅋ
negative	지능 수준 미달 개 돼지들을 위한 중국몽 바이블.
positive	전종서 연기에 지립니다.
positive	배우들연기 짱이고 노래좋ㄹ음
negative	ㅜㅜ 안보시는게 좋을것 같습니다. 스토리가 너무 엉성해요.
positive	관심갖고 싶은 않은 이야기들을 잔잔히 이야기 하듯 보여주는 영상이 끝까지 보고 듣게 그리고 생각하게 합니다.
negative	아주아주 좋은영화입니다... 수면용으로
negative	진부하고 지루하고 재미없다.
positive	요즘 같은 기분에 꼭 봐야할 영화인 것 같아요 숨어있는 열정과 꿈을 키워주는 것 같고 주연배우 니엘님의 연기 최고! 꼭 보시라구요~
positive	감성적인 영화에요 조제의 마음이 너무이해되네요ㅜㅜ
positive	영상미가 아름답고 잔잔하지만 그래서 더 오롯이 감정이 전달되는 건지 여운이 남고 연기도 참 인상깊게 느껴지는 영화네요
positive	영화를 잘 모르고 잘 안보는 편입니다 이 영화도 우연히 보게 되었는데 듣던 거와는 달리 나름 볼만하고 재밌었습니다! 가볍게 즐기실 분이라면 추천드려요
positive	굿.. ..굿...굿.... 굿 .
negative	검증 안된 중뽕 가득한 이런 스뤠기 영화가 국내 개봉 했다는게 놀랍다 놀라워 이거 극장 가서 본것들은 장개나 조셍족들이겟지??
positive	남성의존적인 가부장적 남성우월주의 세계관은 여성을 무능하고 남성의 보호를 받아야 생존할수 있다는 여성혐오를 표출하고 있다. 그리고 가족이라는 집단이 다수의 민중에게 얼마나 많은 해를 끼치고 이기적이고 반민주적 파쇼집단인지 잘알려주는 영화다. 가족이란 집단의 문제는 사회공동체보다 자기가족을 우선하는 이기적 반민주적 파시스트 집단이라는데 있다. 참된 민주주의란 자기가족만 챙기기 이전에 사회공동체를 우선해야 한다는 교훈을 잘알려준다.
positive	진짜 꼭꼭 보세요 인생띵작유치하고 오글거리긴 하지만 너무 재밌어요ㅠㅠ
positive	원작과 다른 한국적인 느낌의 조제영상미예술 한지민님과 남주혁님의 감정적  눈빛연기와 엔딩ost 영화를 보고 난후 여훈이 아직도 내 머리와 마음속에 떠나지가 않네요.
negative	OO래? 맞을래? 이딴걸 추천해? OO래?
positive	보통 뚱뚱하고 못생긴 여자는 자연스럽게 페미니즘에 빠지기 마련인데 그건 유독 한국에서만 일어나는 현상이고 대만 사람들은 외모지상주의가 덜 하기 때문에 뚱뚱하다고해서 페미가 되는 일은 거의 없는 듯 합니다. 실제 대만을 가도 여자분들이 화장도 잘 안 하고 옷도 편안하게 입는 등 외모에 대한 열등감이 없으니 페미니즘도 없는 것 같아요. 보통 페미니스트들은 자신의 외모에 대한 심각한 열등감을 남자 탓, 사회 탓으로 돌리기 위해 페미니즘에 빠지잖아요. 그래서 페미들은 남자 뿐만 아니라 예쁜 여자에게도 상당히 공격적이죠. 이게 '나는 살을 빼기로 결심했다' 영화와 무슨 관련이 있다는거냐고 물으신다면, 꽤 관련이 있습니다. 주인공은 자신이 뚱뚱한 원인이 남이 아닌 자신에게 문제가 있음을 이미 알고 있기 때문이죠. 페미는 자신이 뚱뚱하고 못생긴 것에 열등감을 심하게 가지고 그 탓을 남자, 예쁜 여자, 사회 탓으로 돌리지만 주인공은 자신이 뚱뚱한 원인이 자신에게 있음을 이미 알고 있었고 남들이 자신을 불편하게 생각하는 것에 익숙해져있고 최대한 신경 쓰지 않으려고 해요. 하지만 주인공의 주변 인물들은 주인공을 가만히 냅두지 않습니다. 특히 주인공 엄마가 극성이죠. 주인공은 살을 빼기로 결심을 합니다. 그 과정에서 일어나는 일들을 다룬 영화지요. 다시 말하지만 주인공은 자신이 뚱뚱한 것이 남 때문이 아니라는 것을 잘 알고 있어요. 자신의 문제를 남에게 전가시키는 페미와는 질적으로 다르다는 것이죠. 다른 사람의 시선을 신경 쓰는 것. 혹은 그냥 나답게 사는 것. 노력하면 그만큼 얻는 것이 늘어나지만 그냥 노력 따위 하지 않고 아무것도 얻지 않는 삶을 사는 것도 나쁘지 않겠지요. 노력해서 10을 얻는 인생. 노력하지않고 0을 얻는 인생. 둘 중에 뭘 선택하든 좋다고 생각해요. 다만 노력하지도 않았으면서 그 탓을 남에게 돌리는 짓은 하지 말아야겠지요. 영화는 그런 점에서 약간의 교훈을 줍니다.
positive	잘스부르크 축제다운 아방가르드한 무대 디자인에 푸치니의 명작의 만남으로 이색적인 즐거움을 선사
negative	재미없음. 지금 이 영화의 평점은 우리나라의 허레허식을 잘 보여주는듯. 놀란이라면 일단 빨고보는, 문재인이면 일단 빨고보는, 명품이면 일단 빨고보는 그런느낌. 영화 자체를 몇번씩 돌려보면서 분석하고 공부하고 하면  이해하면서  재밌을 영화. 한번에 봐서 대충 이해하기엔  물리학전공자 뺴고 그냥 어렵다 봄. 우리나라 관객들이 이걸 이해할 정도로 수준이 높은데 극한직업이나 수준낮은 삼류영화에 열광을 할수가 없음.  그냥 놀란의 빠들이 있고 그 빠들이 무조건 10점부터주고 시작하기떄문에  일반 관객들은 그냥 믿고 봤다가 당하는거. 영화란건 그냥 대충만 봐도 빨려들어갈 정도로 한번에 이해되고 공감되고 재밌고 그래야 가치가  있고 명작소리 듣는거임.  한마디로 테넷은  놀란 빠들의 영화.
positive	티비에 올라와서 찾아보다가 그냥 봤는데나름 괜찮게 봤음ㅋㅋㅋ초반에 딸이 스모선수흉내 내는거 재밋던뎅 보면 볼수록 아는 배우들도 많이 나와서 더 잘 봣어요 ㅋㅋㅋ
positive	명작중하나인영화 꼭 다시보세요
negative	이 영화가 흥해야 하는 이유.800의 군인들은 일본군과 싸운후... 대만으로간 사람들과 대륙에 남은 군사들... 하지만... 두둥.. 마오쩌둥과 홍위병들에게 반동 분자로 낙인 찍히고 모진 고문과 수모를 당하게 되는데....그리고 몇OO후 국뽕이라는 이름으로 용사로 만들어져서 영화제작.. ㅋㅋㅋ마오쩌둥을 부정 하는 중국의 시작...과연 자기들의 잘못을 반성하는 중국이 될것인가 ...하지만 중국은 문화 혁명때 지식인들은 다 묻혔다는게 학계의 정설...지들이 반동분자로 몰아 넣고 갖은 수모를 주고 난후 국뽕이라는 영화 만든 중국응 과연 어떤 나라인지 생각 하게 하는 영화.아... 물론 영화는 안 봤음.. 착짱 죽짱착한 중국인이 남아있을리가 없어서...
negative	초반에는 볼 만하던데 뒤로 갈수록 지루하다.
positive	생각보단 재밌었어요. 코로나 떄문에 관객이 너무 없는 것 같아서 안타깝습니다.
positive	예수님이 성서 풀이해주시는 느낌. 확 와닿는다
negative	염병 하네 ㅋㅋㅋㅋ희대의 OOOO 짱퀴벌레들에이OO 감상포인트 억지로 골라야하네 ㅋㅋ
positive	전종서 대단하네요연기를미친듯 이입감최고입니다.
negative	항상 여자를 잔인하게 죽인다.살인의 대상, 그리고 죽이는 모습까지 보여주는 건 꼭 여자..여자들은 야한 옷을 입히고 속옷 차림에서 살해당한다.연기는 좋지만 정말 불쾌하다.
positive	많은 분들이 보시고 따뜻해 지셨음합니다.
positive	살면서 꼭 한번은 봐야할 영화지금이라도 본 것에 감사하다 마지막 편이 최고이기 정말 쉽지 않은데 그걸 해낸 영화
positive	영화를 보지도 않은 자들이 평점 왜곡을하여 평점 조절을 합니다.
negative	영화 자체로는 재밌습니다. 영상미, 연기, 전투 장면등.  하지만,  일본이 악이고 미국이 그 악에 대항한 선이라는.  선악구조.  미국이 마치 정의의 지키고 있다는.  미국 국뽕 영화입니다.뭐 일본이 좋다라는 말도 아닙니다.미국,일본 둘이 서로 아시아 국가들 서로 수탈해 먹으려고 지들끼리 싸운거죠.
positive	나의 어린시절 추억이 가득한 곳에 노년의 나이가 되어 간다면 어떤 기분일까또 현재의 모습이 먼 훗날 추억이 되어있을거라 생각하니 마음이 이상하다
positive	사회적메시지 + 재미
negative	원작에 있는 요소들 억지로 집어넣으려 하면서 감흥 깸. 한지민 조제 역할 잘 어울리고 연기 잘 하지만 중간에 남주혁이 깨는 부분 몇 개씩 있음. 조제라는 인물 새롭게 구상한 것은 좋다고 느꼈지만 장면과 장면과의 개연성 부족에 어울리지 않는 음악. 뚝뚝 끊기는 느낌 정말 강함. 정말 예쁜 장면만 수집해놓은 영화라는 생각만 듦. 그리고 무엇보다 두 사람의 사랑이 어떻게 이별로 이어졌는지까지 안 설명해주는 것이 제일 어이 없고... 정말 "색감하고 영상미만" 챙긴 영화... 원작 좋아하는 사람에겐 실망만 안겨줬을 거라 생각함.
positive	큰 스크린에서 빵빵한 음향과 함께 보고 싶은 영화
positive	이야기도 감정도 천천히 흘러가는 영화라 좋았어요. 배우들 눈빛이랑 표정 덕분에 영화가 주는 감동에 천천히 스며들 수 있었습니다. 원작도 사랑하지만 한국적인 정서가 가미된 조제도 좋았어요.
positive	이야기도 감정도 천천히 흘러가는 영화라 좋았어요. 배우들 눈빛이랑 표정 덕분에 영화가 주는 감동에 천천히 스며들 수 있었습니다. 원작도 사랑하지만 한국적인 정서가 가미된 조제도 좋았어요.
positive	ost좋아요영화도 갬성터지네요
positive	줄거리 안 읽고 보길 잘 했다. 하나하나씩 밝혀질 때마다 소름 돋음
negative	훠훠훠 ~드림오ㅡ 브 차이녜~
positive	좋았습니다 천천히~~ 인물들의 감정을 느껴가며  ..스토리가 기승전결이있거나 극적인 장면은 없어서 잔잔하다느낄수 있지만.. 꼭 그러지않아도 되지않을까 싶달까.. 조제와 영석이..어디선가 잘 살아가고 있겠지~~ 자꾸 생각이 나네요..
negative	이 잔혹한 승부의 최종승자는 떡볶는 애마였다!
positive	되게 잔잔하다 싶은데 그래서 배우분들 연기가돋보임 그리고 그 감정선에 나도 같이 따라가는 느낌?되게 와 난 보는 내내 너무 좋았음
negative	문빠들은 재밌다고 보겠네ㅋㅋ
positive	진짜 볼때마다 웃김ㅋㅋ분기마다 한번씩 봐줘야됨ㅋㅋ웃긴장면이 한두개가 아니라 뭘 언급해야 될지도 모르겠음ㅋㅋ 마지막 엔딩까지 갓벽
positive	이 땅에도 굿바이 박정희가 필요한 분들이 많다.
positive	2020년 서울의 평범한 회사원인 나의 삶이, 저 당시 흑인 노예와 크게 다를 것 없어보여 더 슬프다
positive	영화를 완성시키는 요소는 각본과 배우 그리고 수많은 스텝과 감독이 있겠지만 이영화 만큼은 영화의 평점을 만들어낸 우리 모두 아닐까 싶습니다.
2와같이 넘 재밌구 짱입니다.^^ 역시 일본공포영화는 믿고 봐도 됩니다.^^♡♡
negative	응디응디~ 여긴 응디시티의 시민 노무현. 별점 1은 내 맘의 단 하나 별이라는 스왝!
negative	국내 중국인용 킬링타임 영화
positive	치매 어머님 간병한지가 5년이 되었네요.매일 다툼과 화해의 연속입니다. 더 감사하고 사랑해야 할것 같네요.
positive	오랜만에 좋은 영화 봤네요..
positive	2000년대 초중반 미국 하이틴 느낌나서 너무너무 좋았음ㅠㅠㅠ 스토리는 나름 참신했는데 아쉬운게 있다면 여주가 엄마한테 하는 행동이 너무 철없고 이기적임..영화니까 가능^^ 그래도 상큼한 영화고 유쾌합니당
원작보다 훨씬 낫네요.
positive	영상미와 OST가 돋보이는영화. 뮤비보는느낌이 들기도함. 처음부터 끝까지 니엘이 나와서 이끄는데 역할 소화를 잘함. 기본적으로 노래를 잘하고 목소리가 한몫했음. 다른 배우분들도 역할이 참 잘어울림.
positive	초반 부는 살짝 지루한 감이 없지 않아 있습니다. 뒤에 있던 분들도 마지막에 보니 나가셨는지 없더라구요. 후반 부 부터는 조제의 감정과 영석이의 감정이 잘 나타나서 좋았습니다. 일단 한지민님과 남주혁님의 연기가 최고였어요. 합도 최고... 결말도 애틋하고 좋았어요. 특히 수족관 씬이 너무 슬퍼서 아직두 생각이 나네용...
negative	공산주의자 감독이 보는 트럼프
positive	진짜 대박 재밌어요 전 세번봤습니다 전종서 연기 미쳤엉ㅛ
negative	제목이.;; 중국집이네.. 안습...
positive	따뜻한 영화로 감성 충전했네요ㅠㅠ두 배우 연기도 좋고 케미도 최고!
negative	햐... 이게 평점이 왜이러냐....ㅜㅜ쓰레기같은 작품들이 8점9점이고
positive	현우 연기가 물이 올랐음.... 티비로 매일 보고싶어요!!!
positive	인생영화. 10번이상 본듯.
negative	원작 발톱 때만큼도 안되는 영화, 지루하기만 하다
positive	엄마에게 잘해야겠다는 생각이 들었어요...이런 영화 만들어주셔서 감사합니다 뒤를 다시 돌아보게 되네요
positive	저는 재미있게 봤어용 스토리도 좋구
positive	30여년전 이 영화를 접하고 느낀 충격과 감동을 잊지못해  10년 주기로 한번씩 다시보고 있습니다. 매번 볼때마다 감동을주네요.
positive	이런영화 잘 안 보는 편이라.. 솔직히 요즘 볼거없어서 본건데 감동이 있네요 생각외의 명작을 발견한 기분이에요
positive	와 이걸 왜 이제 만드셨어요 진짜 많이 울었습니다..엄마에게 잘하겠습니다 ㅠㅠ
positive	영화볼때 무조건 팝콘 먹으면서 보는데 팝콘 못먹었어여 ㅜㅜ 계속 집중해서 봤네요
positive	오랜만에 만나는 좋은 영화
positive	그냥 조동혁 때문에 봤는데 스토리도 좋네여감동이었어용..
positive	와 이걸 어떻게 만드셨어요? 너무 슬프네요 눈물 콧물 다 뺌 감ㅅㅏ합니다 이런 감동주셔서
positive	이 영화 꼭 흥했으면 합니다. 따뜻했어요♡남주혁 배우 연기 훌륭해요. 모든 출연진들 다 좋았어요♡
positive	영화 너무 재밌게 봤어요ㅠㅠ 배우분들 연기도 너무 탄탄해서 몰입감이 정말 좋았어요!! 또 보러 가고 싶어요ㅠㅠ
positive	영화 보고 부모님에게 표현을 잘해야 겠다는 생각이 들었고앞으로 부모님께 연락을 잘 드려야겠다는 생각이 들었습니당 ㅋㅋ
positive	여러가지 생각을 하게 만들어주는 것 같아여 ㅜㅜ울림이 있는 영화네용...
negative	뭔 내용이여.이게 ㅡㅡ 막판엔 급 ㅁ ㅓ ㅈ ㅣ
positive	영화 스토리는 전형적인 구성인데 씬별로 구성하고 싶었던 영상을 컷별로 넣는것 같은 느낌이라 짤막짤막하게 씬만 감상하기 좋았고, 영화의 전 상영시간을 마지막 손가락질 무대를 위한 준비 시간이었던 것 같습니다. OST가 좋아서 홍보문구대로 미니 콘서트 같은 느낌으로 즐길 수 있었습니다.
negative	이딴 건 대체 왜 수입한 거지?
positive	영화를 다보고나니 나도 빨리 인버전해야될거같다
positive	을지로4가 국도극장인줄 알았는데 지방 변두리였군
negative	어린 도슨이 멋있다가 성인도슨은 별로. 성인 아만다는 예쁜데 어린 아만다는 별로. 해피엔딩인데 큰아들은 도슨의 아이는 아닌가보다.
positive	뭔가 따뜻하고 예쁜영화 한지민 남주혁 두배우의 연기가 호흡 하나하나까지 섬세하고  너무 좋았던
positive	이게 실화였다니 믿을수가 없네요 ㄷㄷㄷ
positive	이게 실화였다니 믿을수가 없네요 ㄷㄷㄷ
positive	정말 볼 만한 영화 무언가 삶에 대해 다시 생각하게함
negative	아유 지루하다마~여주 연기는 인정하다마는이게 평점10이 나온다고?웬만해서 끝까지 완주는 하는데40분에서 끊어보긴 첨인거 같네내가 괜찮은 영화만 골라서 너무 많이 봐서 그런가?
positive	현실고증이 소름돋을정도로 정확한영화
positive	한지민씨 연기가 너무나 조제같았고표정이나 행동이 조제 였습니다.슬프지만 아련하면서  사랑 헤어짐에 용기있는 모습은..조제가 앞으로 당당하게 살수있는 힘이되는것같아요..사랑하면서 헤어지는것에 아쉬움보다는 당당하게 받아들이는모습을 이영화에서 배우네요..한지민씨 여운있는 연기 감동받았고남주혁배우의 앞으로의 좋은모습도기대됩니다!!!♡전 이영화 소장하고싶을정도로 영상도 너무 아름답습니다!!!대박나세요(이미 대박 삘이 보이네요~~♡♡)
negative	착짱죽짱 착짱죽짱 착짱죽짱
negative	?뷔페미니스트 눈먼 돈 atm
negative	영상미 좋음. 시작 부분 개연성 부족. 후반부도 뻔하다(게다가 친구 캐릭터의 작위적 활용도 있음), 비슷한 영화들이랑 똑같은 전개와 구성 배우만 다를 뿐. 남주랑 여자 조연(전 여친. 여배우 역) 국어책 연기력이 보여서 몰입력이 떨어짐 (다른 영화보다 상대적으로) 그래서 그냥 5점... 흔한 여성향 판타지물
positive	니엘의 재발견!! 노래 잘하는 아이돌로만 생각했는데 아역출신이라더니 연기 잘해서 놀랐음!! J 역할 여주분 진짜 예쁘고 OZ 역할 하신분 니엘이랑 케미 찐친같고 좋았음 ㅎㅎ 고막 살살 녹는 OST 듣는 재미+콘서트 보는것 같은 니엘 공연 장면이 계속 기억에 남아서 계속 손가락질 노래 듣고있는중.
negative	그냥 별두개 한지민 연기 좋았고원작을 이틀전에 보고 영화를 봐서조제의 세계에 몰입되지 않음
negative	영상미가 이쁘다고 하는데 뭐가 이쁘다고 하는지 모르겠고 연기는 그럭저럭 볼만했음. 조제 캐릭터는 매력적인데 남주 캐릭터는 별로 공감 못하겠음. 뜬금없이 이여자 저 여자한테 흘리고 다니는 캐릭터인 것 같음. 결국 결말도 뭐 보여준 캐릭터 만큼 뻔한 결말 눈물의 감동도 없었음. 조제가 그냥 안타까웠음. 저럴꺼면 가만히 있는 사람 건들지 말고 그냥 갈길 가지 에휴~
negative	일본영화 리메이크 좀 그만
negative	공산당의 무능을 국민의 희생을 통해서 희석시키는 것을 정당화 시키고 앞뒤 맥락없이 배우들이 눈물 짜는것이 웃기는 연출의 코메디.
negative	이미지복붙 , 팔씨름편에서 대충그린듯한 그림체시즌3으로 다시만들어주세요 제 추억이 파괴당했네요
positive	역시 고전명작. . . 미국의 의료보험실태를 잘 꼬집었네요 잘 보았씁니다
negative	잠와죽는줄.... 남주혁잘생김
positive	마음이 따뜻하면서도 아픈 영화
positive	엔딩크레딧은 올라갔지만 계속해서 조제와 영석이 생각나는 영화
negative	아무 의미 없는 영화. 이렇게 비어 있기도 쉽지 않다.
positive	무조건 사운드 빵빵한 영화관에서 보셔야 합니다. 진짜 콘서트 느낌나요. 니엘, 이보람, 최규진 배우님들 연기도 너무 좋고 스토리 흐름도 너무 좋았습니다.회상씬 나올 때 영상미도 너무 좋았고, 어디 하나 흠잡을곳 없는 완벽한 영화였습니다.
positive	맷데이먼   광팬입니다   맷데이먼   정말  좋아합니다   포드V페라리   너무너무  재밋게  본  맷데이먼  영화는   믿고 보는  영화   안보신  분들  꼭  보세요   완전  강추크리스찬베일도   너무  좋앗습니다     감동적이엇어욤    켄  마일스가  살아잇엇더라면  진짜  좋앗을ㅠㅠㅠ영화  끝나고  너무  마음  아파  한동안  멍  때린ㅠㅠ
positive	여운 진하게 남는 영화. 장면 장면, 연기 하나 하나 곱씹어서 보고 싶은 영화,
negative	처음에는 재밌는데 결말이 너무 어이없음;; 인터넷에 해석좀 찾아볼라는데 뭐 없음;; 보지 마세요..
negative	배우분들의 연기는 너무  좋았으며 영상미도 좋았다고 생각합니다. 그런데 영화가 전체적으로...뭔가 연관성없이 뜬금없는 내용전개가...부분부분은 연기, 장면, 감동 등 좋았는데 이어붙이니...무슨내용인지를 잘 모르겠더라구요..그렇습니다.
negative	원작느낌을 그대로 따라 리메이크 했는데 원작보다 못 하다. 감정선이 끊기는 느낌도 많이 받았고 차라리 색다르게 스토리도 틀었으면 어땠을까.:원작의 매력인 결말 까지도 그대로 따라해 감흥이 없다.
positive	자신만의 세상에서 매일 꿈을 꾸고 있는 조제였다.
negative	보다 잤는데...ㅠㅠ
positive	능글맞은 멜 깁슨의 매력이 터진다. 또라이지만 미워할 수 없는 캐릭터
positive	어릴 땐 마틴 릭스가 멋있어 보였지만 나이가 들어 다시 보니 로저 머터라는 현명한 대인배가 파트너여서 더욱 돋보였던 것. 마틴에게 홀딱 빠진 여주인공 리카도 인상적
positive	지금 봐도 재밌는 형사 영화, 버디 무비의 전설. 간간히 유치한 장면이 나오지만 감안하고 봐도 될만큼 재미는 보장한다
negative	ㅎ ㅏ,,, 평점을 먼저 봤어야 했는데...
negative	리버럴문화엘리트들의 재수없는 우월의식을 볼수 있음. 극중 시골(러스트벨트) 대놓고 개무시하는데 이게 비꼬려는건지 진짜로 무시하는건지 아리송함. 2016년 대선에서 왜 트럼프가 당선됐는지, 미국시골 지지자들의 마음을 알거 같음
positive	평론가들의 평론은 그들만의 리그일뿐...평범한 영화관람객들이 뭘 좋아하고 뭘 싫아하는지는 알까?대단한 배우들은 아낌없이 쓰고 감정선과 액션이 살아 있는데 얘기끝난거지  더불어 마지막 장면의 감동과 속편을 기대하게 만든다면 영화가 할일은 다한거 아닌가? 나머지는 관람객의 몫
positive	일단 스케일이 압도적이라 생생한 느낌을 받긴 하더라고요 재미있게 잘 봤습니다
positive	책으로 본 루터의 종교개혁 이야기를 정확한 고증을 바탕으로 잘 만들어 눈으로 보게해준 영화.. 만들어주셔서 감사
positive	영화 돌멩이의 주제는 신에 대한 맹목적 믿음인 것 같습니다 절대적인 신에 대한 덕구의 믿음은 꾸준한 돌수제비 던지기로 예수님의 수면위에서의 걸음에 대해 일말의 의심도 없지요. 하지만 현실의 벽에서 덕구의 믿음도 흔들립니다한번도 시도해볼 생각조차 안해본 강가에서의 수면위 걸음을 한걸음한걸음씩 시도해보지만 덕구는 무심한 돌멩이처럼 깊은 강물에 점점 잠기기만 하고.. 절대적이었던 믿음이 한순간에 무너져버리는 덕구의 당황스러운 표정이 뇌리에 남습니다..
negative	쓰.레.기 언제까지나 반일팔이가 먹힐거라 생각하는가 개한심
positive	세종이나 장영실 둘 중 하나에만 집중 했다면 어땠을까?
positive	배우들 연기도 좋고 영상도 아름다웠어요
negative	스콧감독은 너무 과대평가되었다 그는 아직 인류의기원과 과학적지식이 확립되지 않은것같다
positive	최애 영화 크리스마스때마다 찾아보는 영화
positive	가상현실은 말 그대로 가상인 걸까. 결국에 사람이 움직이는 공간
positive	원작 일부러 아껴두고 안보고 있었는데 리메이크 나왔다고 해서 이 편부터 개봉당일에 영화관 관람했다. 이 편부터 보길 잘했다. 잔잔하고 무겁다. 알 수 없는 감정으로 마음이 꽉 차는 영화..."네가 나한테 걸어오던 소리가 기억나."
negative	우째..넘 별루ㅠ60년대 불륜 영화 보고 난 느낌
positive	배우 현우의 연기가 빛을 발하는 영화
negative	코미디라고 해서 봤는데... 웃음은 없고 감동만... 이런 죈장
positive	티비 무료영화로 봤는데 스토리도 좋고 감동도 있어서 좋았어요~!주연 배우분들 본명으로 나와서 신기방기했고 마동석,박정민배우분들 간간히 나와서깨알같이 재미있었어요 ㅎㅎ
positive	영화를 보고, 다시 시작하고 싶어졌습니다.
positive	너무 감동적이였어요 ㅠㅠ
positive	감독의 섬세한 영상미가 너무 좋았고 두배우는 원작이 생각나지 않을만큼 두캐릭터에 몰입된듯하다. 잔잔한 스토리탓에 호불호가 있을 수 있겠다만 다보고 엔딩크리딧 올라갈때의 그 먹먹함이 아직 가슴 한켠에 남아있는듯 하다. 한번은 더 보고 조제를 영석이를 느끼고 싶게 만드는 영화다.
negative	어두워서 뭐 당췌 보여야지. 말소리만 들리는데 짜증나
positive	간만에 재밌는영화 긴박감,소재,스토리완벽했습니다
positive	임수정이란 배우 정말멋있다 이 영화 자체다
positive	전도연과 하정우는 감탄할 연기를 편안하게 잘 선보이고, 하정우 캐릭터는 오랫동안 기억에 남을 좋은 캐릭터로 남는다. 과거의 연애에 대해 다시 곱씹어보게 만드는 영화다.
positive	끔찍하고 참혹한 역사의 순간을 잘 표현하고, 그 속에서 스스로 희망과 용기가 되어가는 주인공의 모습은 기대 이상으로 훌륭하게 다가온다. 돈 치들의 연기도 만족스럽다.
negative	캐서린 비글로우 감독 특유의 현장감이 스크린을 뚫고나와 보기 힘들 정도인데, 현재까지도 유효한 인종 문제는 경종을 울리지만 몇몇 캐릭터의 활용과 긴 러닝 타임은 아쉽다.
negative	캐서린 비글로우 감독 특유의 현장감이 스크린을 뚫고나와 보기 힘들 정도인데, 현재까지도 유효한 인종 문제는 경종을 울리지만 몇몇 캐릭터의 활용과 긴 러닝 타임은 아쉽다.
positive	미쳤다.. 한지미 X 남주혁 케미는 여전히 좋다 ㅠㅠ
positive	남주혁은 이제 믿고 보게 될 정도로 성장했네요 아쉬운 몇장면이 있었으나 한번 더 보고 싶을 만큼 좋았습니다
negative	원작보고 너무 좋아서 다시본건데... 시작부터 끝까지 조제의 살아있는 캐릭터가 실종됨.. 혼자만의 세계에서 나름 멋지게 살고있던 조제..그녀만이 가진 독특한매력에 이끌려 그녀의 세상속으로 들어온남자! 이것이 원작이라면 한국판은 그냥 나이많고 어두운 그리고 다소 정신이 이상하고 모잘라보이는 장애인일뿐이었음.. 무엇보다 두사람을 타고 흐르는 사랑의 감정선을 느낄수 없었고 도저히 몰입이 안되더이다. 차라리 원작을 보시길 추천드림
positive	한 장면 장면 음향 영화 색감 놓치지 않기 위해 엄청 집중해서 봤습니다. 영화배우 한지민의 표정연기는 영화가 끝나도 여운을 주는 다시 보고 싶은 연기개인적으로 인물의 표정을 많이 볼 수 있어 좋았습니다.
negative	내 이럴 줄... 조제는 오리지널 하나뿐인 걸로!
negative	생화학 무기로 전세계를 테러한 국가의 영화를 보는자들은 제정신인가.
positive	이런 영화는 10점 주는게 맞죠~뛰어난 영상미와 훈훈한 시민의식마지막 씬도 아주 훌륭했습니다.   살짝 노아의 방주 같은 느낌이 들기도? ㅎㅎ
negative	아 배우들은 화려한데 내용은 뭐 거기서 거기반전이없어 ㅜㅜ
negative	솔직히 인각적으로 별 3개이상 준놈들은 진짜 알바다 이 영화 진짜 보지마라 보는내내 무슨내용인지도 모르겠고 이해하기도 힘든 영화. 여주가 양치기소녀처럼 거짓말만하고 도저히 이해한가는 영화 개빡친 영화 진짜 리뷰 보고도 본 당신은 지옥을 맛볼것다 두시간영화인데 안끝서 빡친영화 영상미는 개뿔
negative	좋아하는 배우가 출연해서 봤는데 그냥 so so 한 영화에요~ 하지만 음악영화가 그렇듯 귀는 즐거운 영화입니다좀 더 임펙트 있는 장면이나 그런게 있으면 좋을거 같아요 그래도 잘 봤습니다
positive	쵝오다.절었다,지렸다.
negative	망작 본이란 이름을 사용 하면 안됨 본시리즈에 똥칠하는영화
positive	일본 공포영화 답게 엄청 재미 있습니다.^^
positive	잔잔하지만 깊고, 인물부터 대사 영상미 모든게 입체로웠습니다.영화 촬영 소식부터 넘 기대되던 영화였어요. 개봉날을 손꼽아 기다리다 드디어 만났습니다. 조제의 집에 초대받은 기분이었네요. N차 관람 하고 싶어지네요. 곧 또 조제의 집으로 놀러갈게요 ^^ 마지막 엔딩크레딧에 아이유의 자장가가 흘러나오는데 넘 좋아서 끝까지 앉아있었어요. 처음부터 끝까지 모든게 다 좋았습니다. 좋은영화 만들어주셔서 감사합니다~
negative	물론 전작에 비하면 작품성이 떨어졌다는 비판이 있다던데 결코 부정할 수 없는 사실이라고 생각합니다, 거기다가 스크린 독점 논란이 있던데, 이 점은 작품성과는 별개죠, 아니, 겨울왕국2가 해외에도 그렇게 인기 있으니까 그만큼 많은 사람들이 볼 가능성이 높은거지, 이 당시 한국 영화가 못만들었으면서도 흥행하는 외국영화에게 뭐라고 욕하고 그럼에도 흥행할 생각 하니까 욕을 먹는거죠, 무엇보다도 은밀하게 위대하게, 명량, 검사외전, 공조, 신과함께, 백두산 같은 영화들 독점 쳐 했는데도 언론은 아무말 안했죠? 이중성 역겹죠?
negative	살면서 이렇게 속터지는 영화는 처음이다. 무능한 주인공은 갈수록 가관이다. 라면 광고인줄 착각하게 하는 진라면 먹방만 기억난다. 주인공 대가리는 왜 저따구로 한건지도 의문이고 머리는 왜 안자람? 오랫동안 굶고 안 씻어도 얼굴은 왜 그리 빤질빤질하고 탱탱하냐. 초반에 경찰아줌마는 뜯어먹히는데 비명도 안 지르냐. 후반부 왜 굳이 집안에서 총을 쏴서 온동네 좀비들 어그로 끄냐. 결말은 더 핵노답. 소리가 엄청날텐데 왜 모르지? 중간에 끊었어야 했는데 아까워거 다 본 것이 너무 후회된다. 내 시간 돌려줘
positive	이해하지 말고 느껴라.그게 정답이다
positive	언제 봐도 재미남 예전엔 웃겼는데 지금보면 슬픔
negative	너무 우울 원작 조제에 대한 해석력에서 떨어짐
positive	어디선가 조제가 살아 숨쉴 거 같아요 그저 따뜻하게 조제를 안아주고 싶은 영화...
positive	코로나만 아니었음 더 흥했을텐데 아쉽지만..엘이 보러갔다 이보림한테 빠져왔음..여신님!~!음원대박ㅡ손가락질짱ㅡ세배우케미도굿ㅈ굿
positive	원작과 또 다른 아련함과 연기를 보여주네요. 결말이 더 슬프고 현실적인듯요.
negative	우디앨런의 추한 망상. 그림과 음악만이 남아 있을뿐
positive	오랜만에 감성 충만한 멜로 영화를 만난 것 같아요. 배우들의 열연과 아름다운 영상미가 조화롭고 여운을 남기는 영화였어요. 한지민배우의 눈빛은 점점 더 깊어지는 것 같네요.
positive	감추려는 자, 범인이다.
negative	초반 액션도 볼만하고 중간 중간 긴장감이 있긴한데 흐름이 너무 자주 끊기는게 아쉽다.
negative	재미존나없음 오션스시리즈는 오션스일레븐만 봐야됨
positive	내 자신을 다시 생각해 보는 계기가 되는 영화
positive	이병헌만을 위한 영화가 아닐까잘생긴 배우는 연기를 못한다 편견이 많은데 사실 맞는 것같이 느껴지기도 하다. 하지만 이병헌은 예외다.단언컨데, 가장 연기 잘하는 배우 중에 하나가 이병헌이다.가장 캐릭터 잘 맞는 배우
negative	그냥그랬어요.. 보면서랑 다 보고나서도 역시 역시일본감성인가 싶은게 ㅜ전 공감도 안되고 전개가 읭? 스러웠음.. ㅠ 두 배우 연기력은 최고에요~ 엔딩크레딧 곡이 다 한 영화
negative	뉴문은 건너뛸걸 그랬네요 ㅎㅎ 매 장면마다 암걸려서 스프라이트 먹으며 참았어요~~~~하...
negative	곡성도아닌것이  시그널안되는것이돈내고 봤음 개욕나올뻔..
positive	제목만 보고 음 그래 둘이 잘되겠구나 로맨스겠구나 하고 오랫동안 시도를 못했던 영화인데, 앞으로 크리스마스 시즌이 되면 나홀로집에 만큼이나 두고두고 생각날 영화예요. 와닿는 대사가 많았어요
negative	원작을 이렇게 개판으로 망쳐놓다니. 스토리설정 개판, 남주연기는 최악.
positive	보고 엉엉울었다.고등학교 시절에 본 게 다행이다.
negative	재미가 부족하다 영화와 다큐는 엄연히 다른 부류다 영화로서 아무것도 느끼지 못했다
positive	진짜 재밌어요 꼭 보셔야할 영화입니다!! 스토리전개도 상상을 초월하고 배우들의 애드립도 정말 신선해요 좀비영화이지만 반전이있는 영화네요 꼭 보셨으면 합니다!!!
positive	수작인 영화인데 대중들은 웃음거리로 소비한다
positive	달을 가리키는데 손가락만 보니까 이해가 안되죠
negative	90분동안 쓰레기를 보여주는 쓰레기영화.
negative	이딴걸 영화라고..  보는동안  짜증이
negative	개 노 잼. ㅇㅇ 절대 보지마라 시간 낭비다
positive	유오성 연기 잘하네.
negative	올해 가장 시간과 돈이 아까웠던 영화.
positive	연기도 좋고 내용도 괜찮네
positive	박진희 예쁘네....
negative	불편한 얼굴이 나오는 것부터 이미 영화 흐름에 방해됐다.
positive	영화장면 전체가 예술이고 작품이다화가의 붓터치만큼 예리하고 섬세하다감독이 화가의 그림에 한폭 한폭 상상력을 더해 담아낸 유례없는 훌륭한 예술작품이 탄생했다
positive	인간 휴 그랜트 같은 영화
negative	너무 억지로 웃기려고 하지말자 좀 오그라든다 찐따들이 이런개그에 웃는거 같던데 내용도 그냥 어거지고 배우들이 아깝다
positive	난 정우성 연기땜에 좋았는데...왜다들정우성연기 별로라고하는지 이해가 안감...조시나뱅뱅이다 ㅋㅋ 너무 좋음
negative	우리 틀딱님들 눈높이에는 여자패고, 사기치고, 도박정도는 아무것도 아님. 빨갱이만 아니면 됨
negative	평점 개사기 이런영화 진짜왜 만드는데?
negative	정말 개어이없는데 알면서두 어쩔수 없이 열심히 노력해서 봤습니다. 제가 최선을 다한 영화입니다.
positive	한석규는 연기 그자체이다
negative	내가 알던 조제는 없다...하..
positive	난 재밌던데ㅋㅋㅋㅋ??
positive	연기 잘하는 배우를 보면 행복해진다. 그동안 인생작이라는 수식어를 한 번도 써본 적 없는데, 이건 내 인생스릴러작이다.
positive	시대를 관통하는 변하지 않는...깊은 여운뛰어난 몰입감그것을 있게해준 많은 완벽한것들
negative	1. 불필요하게 자극적이기만한 베드신 노출2. 같은 여자로서 전혀 이해가 가지 않는 은교의 대사 (비상식적,지나치게 남성편향적) 자신을 성적으로 묘사한 사람에게 고맙다느니.. 베드신으로 이어지는 감정선, 대사도 가관임 (이런 정신나간 미친 여고생이 주인공인줄 알았으면 안 봤음)3. 배우들의 명연기, but 대사쓴놈이나 찍은놈이나 정신상태에 문제있음4. 예술처럼 시작하나 끝으로 갈수록 남는 충격과 감출 수 없는 역겨움.
positive	처음부터 끝까지 긴장감 있게 봤습니다.
positive	영화 안보고 악플다는 분들은 뭐하는 분들인지;지금 중국인들이야 코로나때매 꼴보기 싫고 중화사상 심하게 묻어있지만 저때는 대만국기 쓸 때(참 중국인)입니다. 아이맥스로 봤는데 돈 안아까울 정도로 영상미며 조국 수호의지에서 깊은 감동을 받았고 섣불리 중국영화라 보기 싫었던 제 자신에 부끄러워졌습니다. 그리고 이 영화 중국 내부 개봉시 대만 국기가 음영처리 되었고, 이런 탄압에서도 보여지듯 천안문, 국민혁명군 때 참 중국인은 다 죽었다고 보면 됩니다. 그니깐 영화도 안 보고 욕하는 건 좀 에바인거 같네요.알바 같을까봐 1점뺍니다.
positive	나는 너무 잼났는데?!
negative	아름다운 Human SF 영화. 영상과 스토리에 비해 음악이 몰입을 방해하는 조금 아쉬운 영화.
positive	조제야 니가 진정 사랑을 아는구나
negative	흠...어떻게 이런 배우들을 데리고 이런 결과물이 나온거지...수지 배역이 특히 스토리 상에서 붕 뜨는 느낌이고 억지스러운 캐릭터. 만삭의 몸으로 팔당댐이 무너져 범람하는 한강에 빠졌는데 다음 장면에 멀쩡히 혼자 살아나와서 피난 버스를 타고있고..남자인 내가 지금 빠져도 무조건 OO텐데..배역 설정에서부터 어떤 신파극을 할지 너무 뻔했고, 연기를 잘하고 못하고를 떠나서 극중 지영 등장마다 몰입이 딱딱 끊겼음.하정우나 이병헌 특유의 “쪼”랑 코믹 연기에 피식피식 하면서 봄.여기서부턴 사족.의도한건지는 모르겠는데 이병헌이 극중 초반에 전라도 사투리를 쓰는데 난 그거 보자마자 “내부자들 조상구가 북한 사람됐네ㅋ” 하면서 보고 있었음. 근데 갑자기 전도연이 나오길래 어?? 하면서  내부자들 조상구 대사 중에 “연기에 대한 열정만큼은 전도연이 뺨을 치지” 라는 대사를 속으로 생각하고 있었는데 실제로 약에 취해있는 전도연 뺨을 이병헌이 툭툭 침ㅋㅋㅋ
잔잔한 느낌으로만 가서 중간 몰입이 끊기는 느낌을 받음여운을 느꼈다는 평들이 많은데 여운을 느끼지 못해 내가 이상한가 싶었음
positive	실화 사건이 워낙 유명해서 대충 전개가 어떻게 될지 알고서 보는데도 재미있네요. 인상적인 대사도 많았어요. 많은걸 느끼게 한 영화.
positive	그냥 cg보는 맛이 좋았음 내용은 뭐 딱 오락영화정도?
positive	내가 가장 좋아하는 크리스마스 영화 윌 페렐의  요정 연기가 압권이며 크리스마스 정신이 충만해지는 스토리도 굿 넷플에 올라와있길래 오랜만에 봤는데 봐도봐도 좋음 ㅎㅎ
positive	나중에 유명한 스토리인걸 알았다이국적인 것 시대배경 요소등 볼거리가 많다전반적으로 음휼한 분위기속 희망을 놓지않는 여자주인공을 응원하는 맘으로 지켜봤다몰입도 있는 웰메이드 영화!
positive	재밌고 몰입감이 상당한데 심오하고 어렵다. 조금 알듯하면서 많이 모르겠다 이말이야! 해석을 어떻게 해야 맞는건지 확신이 안된다. 그럼에도 놀란감독 작품답게 수작인건 분명하다.
positive	재밌어요!!~~~남자배우님 멋져요~~그리고 여자주인공도 예쁘세요^*
positive	마지막 엔딩 장면 볼때마다 뭉클해지고 눈시울 떠거워지네
negative	줄거리는 좋게 봤어요~^^여주인공이 집중을 흐려놓네요~!어려서 그런가?초중반에 꺼버리고 싶은거 참고 봤네요~!
positive	알바아님ㅎ 배우님들 연기 진짜 베리굳감동과 재미 다 있어요 강추강추
positive	와 박서준....개쩔어
positive	재밌다 넷플릭스로 봤는데 재밌게 볼만하네요..그리고 신세경 이하늬는     진짜 예쁘다
negative	중요한순간에 쓸데없이 나타나는  정주희 (수진)만  없었어도   100만  넘었을듯
negative	와 소오금 시나리오 수준보소 참담하네
negative	이딴걸 영화라고 만들었나. 배우들 필리핀 관광만 잘 했겠네
positive	코로나에 묻히기 너무 아까운 영화다.. 뭐 하나 빠짐없이 정말 잘 만든 영화인데.. 캐릭터도 스토리도 영상미도 연기도 뭐 하나 빠지는 것 없이 잘 봤습니다. 고맙습니다.
negative	와... 이거 성별 바뀌면 ㅈ되는 영화네 ㄷㄷ
positive	이상하게 저평가된 영화. 8점 후반대 영화지만 하도 저평가되서 10점준다.
positive	영화가 워낙 잔잔해서 누군가는 지루하다 할수 있겠지만 저는 아주 몰입해서 봤습니다. 이것도 영화의 힘이라면 영화의 힘이겠지요
negative	재미는 확실히 있지만 모든 일은 다 여주때문에 발생함. 영화의 재미적 요소라고 하지만 이렇게 까지 지능이 낮아보일 정도로 만든건 오히려 흥미를 낮추는듯
negative	원작은 보고 나서도 긴 여운이나 울림이 있었고 츠네오가 갑자기 길을 걷다가 우는 모습이 아련 했는데 이건 그런 것도 없었음.. 남주가 원작 츠마부키 사토시에 한참 못미침.. 원작 조제는 몸이 그런대도 자신을 보호하기 위해 칼을 휘두르며 씩씩하게 이겨내는 캐릭터인데 한국판 조제는 너무 아파 보이고 너무 차갑고 어느 순간 자격지심도 보이고 몸도 성치 않은 여자를 범했다고 하고 기댈려는 모습이 원작이랑 너무 다른 조제였다. 이 영화를 보고 느낀 건 굳이 왜 리메이크를 했는지 의문이다. 원작에서 느꼈던 감동이 없었다. 그냥 한국스럽게 만들려고 잘 표현 해볼려고 했다면 실패다. 원작이랑 리메이크랑 비슷한 점은 둘 다 엄청 잔잔하다는 거다. 공교롭게도 원작이랑 리메이크판이 같은 런닝타임인데 리메이크판은 너무 지루했다는 거다. 시계만 자꾸 보게 됐다. 그리고 해외여행은 왜 갔는지 이해가 안 갔다. 굳이 해외를 가야 했나 싶기도 하고.. 억지로 넣은 느낌도 났었고.. 그냥 한지민팬이어서 의리로 봤다. 리메이크를 보니 원작을 다시 한번 보고 싶어졌다.
negative	후하게 줘서 6점.. 기대가 커서 그런가 실망이 너무 크네 배우들 연기는 좋음
positive	사실적이라 너무 슬픈 현실그들에게도 사랑이었고다른이들에게도 그들은 사랑이었다현실적인 지옥
negative	진짜 욕나옴...절때 보지마
positive	영상미 하나만으로 ㄷㄷㄷ 여운이 많이 남을 결말....
positive	니엘의 매력이 돋보인다. 퇴폐미 배역이 잘 어울리는 페이스, 분위기인 듯. 자칫 연기가 오글거릴 수 있는 역인데 강약 조절을 잘함. 노래, 춤, 말재주 좋은 건 알았지만 연기, 랩 잘하는 건 첨 알았음. 확실한 스타성을 가진 올라운더란 느낌? 의상 보는 재미도 있다. 스트릿 무드 좋아하면 영화 비주얼 맘에 들 거
negative	#살아있다가 더 재밌어
positive	하....너무 슬픈데 둘이 너무 애틋하고..암튼 말로 못 설명합니다....
positive	배경 분위기 소시민등의 소재가 좋았다
positive	베일형..지렸다 끝까지 몰입 하면서 봤다
negative	김감독님만의 연출을 기대한 저에게는 많이 빈약했고, 지나치게 잔잔하고 어두워서 몰입감이 떨어져요. 리메이크에 이번에도 실망한 저처럼 원작에 기대감이 있는 분들에게는 비추입니다. 오늘 저의 소감은 남주혁이 밥먹을때 정말 맛있어 보였고,  영화관은 생각보다는 사람이 많았다.
positive	도둑뇽 응징당하길 바랬는데 아 그 하얀 액체를 주입했어야 하는데 인실조트 만들 수 있었는데도동뇬이 결국 돈 훔쳐서 떵떵거리며 살 것을 생각하니 안구에 습기가 찼습니다.
positive	비가 오면 생각나는 두 남자
negative	너무  나쁜영화 같아요남에  마누라  쳐먹고지마누라은  다른 남자가  먹게하고여행 오는 남자 다리미 머리찍어뿍고어이가없네  최고 경보다  최악이다영화를  만들어도  거지같은  영화만들고  있어함정  신청해서  봐바라
negative	시리즈 1.2만해도 이딴영화일거라 예상치도 못했다.  주인공 남녀가 발암의 개민폐 캐릭
positive	어린 시절감동이 되살아나는 애니.. 진짜 트라이하고는 비교도 안됨... 꼭 어른이되는 사람들에게는 공감하는 부분
positive	보면서 극단적이라고 느끼고 남편과의 소통에 있어서 답답한 부분이 조금씩 있었지만 그 외 직장 내 유리천장, 성희롱, 남을 쉽게 욕하는 사람들 .. 다양한 측면에서 현실을 직시하는 영화였습니다. 따뜻하면서도 가슴아프게봤습니다 ...
positive	야이 같은 한국인들아!!!! 약빨고 우승한게 중요한게 아니라 그당시 독일국민들에겐 다시 하나되어 일어나게 해준 삶의 희망이자 원동력 그 모든것이었다! 우리나라 2002월드컵 4강 기억안나냐? 외국에선 희대의 오심월드컵이라고 비판했지만 우리나라국민들에겐 베른의 기적처럼 그때가 그 모든것이었잖아!
positive	지금에서야 보다니..지금에서라도 봤으니 다행
positive	후반부로 갈수록 눈물이 너무 나네요감동이 있었어요
negative	애틋함이 느끼하다 못해 소화제를 찾게되는 더부룩한 K-로맨스
negative	영화 빙자한 미술 미장센 전시관
negative	영화 1점 위룡군 얼굴 9점
positive	이제서안 봤네요.첫사랑같은 영화였어요1년이란 참길고도 짧지만 삶을공유한 시간이너무 아름다운 추억으로 남는거겠죠.참 이쁜영화네요.인간 개개인에 현실에 닿는 삶에 무게는각자가 짊어지고 가게되고 뭐든지 새롭지않고 비루해지고 식상해지고..지나다보면 추억이라 기억을 소환하게되네요
positive	그냥 영조가 미우면서 이해가 되고.. 애틋하고 참 정조가 훌륭하셔서 다행이지 정말 최악의 왕의아들로 남으실뻔했네..
negative	러시아영화 여태까지 두개 봤는데 스케일만 큰 척하고 핵노잼! 앞으로 믿고 거름
negative	원작이 현실인지 꿈인지의 줄다리기 과정으로 관객을 끝까지 혼란스럽게 만드는 재주가 있었다면, 리메이크 작은 현실이든 꿈이든 아무래도 좋다는 느낌이 들어버리게 만드는 각본이었다고 본다. 이야기와 상상력은 퇴보했지만, 화려하게 연출된 CG 눈호강은 좋았다. 다만 뻔히 한계를 드러낸 각본으로 액션에 너무 치중해서 러닝타임을 질질 끌다보니 후반부로 갈수록 지루해지는 느낌이 드는건 아쉬움.
positive	인간들아 꼭 보아라보고도 고기를 먹는다면....자신의 삶을 되돌아보아라....
positive	탈코르셋을 실제로 하는데 많은 용기와 힘이 되어 준 작품입니다. 또한 페미니즘을 접하고 얕게나마 인지하던 개념들을 명확히 언급하고 이해하기 쉽게 설명해 준 작품입니다. 최근 허리까지 오던 긴머리를 어깨선에 닿는 중단발로 잘랐습니다. 태어나서 해 본 가장 짧은 머리입니다. 너무 가볍고 좋았습니다. 집에 와서 거울을 보는데 좀 더 용기를 낼 걸 생각이 들었지만 그래도 제 나름 큰 도약을 한 것 같아 해방감이 들고 기뻤습니다. 사실 아직도 머리카락에 대한 집착이 조금 남아 있습니다. 그래서 만약 짧은 머리가 어울리지 않는다면 금방 긴머리까지 기를 수 있게 긴 단발로 잘랐던 것이었고요. 이렇게 외적 내적 코르셋이 여전히 남아 있던 제겐 연대하는 여성들이 많이 있다는 것을 영화를 통해 확인하는 것이 정말 큰 힘이 되었고, 언젠간 저 또한 다른 코르셋을 찬 여성들에게 힘이 될 수 있으면 좋겠습니다. 그래서 영화 보고 오는 길에 긴 단발에서 여성 숏컷 느낌으로 잘랐습니다. 마음에 들지만 여전히 부족한 느낌이에요. 다음 목표는 귀 판 숏컷입니다.이렇게 저는 저만의 속도대로 제 자신을 아끼려 노력할 것입니다. 이미해 작가님 정말 감사드려요.
positive	좋았다. 영화관에서 볼 수 있었을때 볼까 생각만했었는데 이제라도 다운받아 본 걸 후회하지않는다. 많이봐온 일본 애니영화들은 언제나 판타지와 영상미가 뛰어나서 나와는 안 맞았는데 이 영화는 나에게 적절했다. 영상미도 좋고 특히 상징적으로 설명되던 주인공 혼자만의 증상들이 마지막화재 씬에서 완벽한 판타지로 해결이 되어서, 오히려 너무 슬프지않아서 좋았다. 무엇보다 다른 남자를 만나 행복해지는 스토리가 나올까 생각했지만 역시나 그저 혼자 파도를 타며 끝나는 엔딩이 아주 좋았다. 다만, 감정선이 아닌 상황을 따라 영화를 보면 답답해질수있는 요소들이 조금 있기때문에 호불호가 갈릴 순 있을 것 같다. 아무튼 결과적으로 오그라들지않아서 가장! 좋았다. 기존에 인기있던 일본애니영화보다 담백해서 좋았다. 그리고 목소리와 작화도 좋았다.
positive	흑백임에도 불구하고 인물들과 풍경 모두 아름답다. 하루의 짧은 시간이지만 두 사람의 모습은 달달했다. 그래서 마지막이 더욱 아쉽고 여운이 남았던 것 같다.
negative	이게 왜 4점이나 되 그냥 좀비 잡는 게임이나 하세요
positive	기생충을 보고 봉준호 영화에 빠져서 찾아 봤는데,내용은 편안하지않은데 영상미가 왠지 모르게 편안했다. 김혜자의 인상적인연기는 연기보다 도시락으로 혜자 이름을 먼저 접한내게 정말 혜자로운 연기였다 당연히 범인이라고 단순하게 흘러가는데로 받아들였는데 범인이 아니였다니. 반전역시 내가 극중 엄마가 된것처럼 가슴이 "쿵"하고 왠지 마음이 아팠다.
positive	왜 이제야 봤을까요 ㅠㅠㅠ 정말 따뜻한 영화 같습니다. 너무 많이 울었어요. 재미와 감동이 같이 오는 영화
negative	자주평화 통일이 해답이다
positive	초반에는 스토리 설명하면서 흘러가다가 후반부에는 감정이 한번에 폭발하는 느낌... 김혜수 이정은 연기가 연륜이 짙다는 생각이 들었음
positive	비포 시리즈의 진짜 끝을 알려주는 영화라고 생각합니다.
positive	실체가 존재하지 않는 정직한 자를 믿는 사람들, 정직한 자와 마주하니 장님이 된 사람들.
negative	많이 순하고 많이 쉬운 맛!
positive	원작을 모티브로 만들어진 영화라는 것부터가 감동이다. 스토리도 코미디한 부분이 있고 연기도 완벽했다.
positive	이만큼 최고고 아름다운 영화 오랜만이네요 정말 좋았어요 소장해서 매일 보고 싶을 정도 입니다. 많이 울고 많은 감동과 아름다움을 봤어요. 정말 좋았습니다
negative	일본 영화 마더 표절 표절 표절
positive	잔잔하고 너무 힐링이 되는 영화입니다ㅜㅜ 진짜 영화가 너무 예뻐서 금새 영화에 빠져들게 돼요! 앞으로도 계속 보고싶은 영화네요!
positive	꼭봐야하는영화삶의 의지
positive	이런 장르 좋아하고 혼자 보길 참 잘한 영화같아요. 그런데... 다 좋았는데, 기억에 가장 남는건...아이유 자장가였습니다. 영화전체를 관통하는 훌륭한 선택이었습니다. 영화 보시는 분들은 엔딩크레딧 끝까지 노래 들으시고 나오면 좋을꺼 같아요
positive	밑에 어린이로 표현된 부분이 별로라는 글들이 있는데....나는 정말 잘 표현 했다고 생각한다 어린이를 사랑하면 나를 사랑하는 것이라고 하신 그 분께 어떤 cg가, 어떤 목소리 음향효과가 대신 할 수 있겠는가?////아니 어떻게 이 영화를 가지고 저렇게 댓글들을 달 수가 있는거지? 난 정말 흘러가는시간이 아까워 조마조마 하면서 봤는데... 너무너무 재밌었다.. 재밌다기보다는 정말 영광스러웠다ㅠㅠ////글로 된 말씀들을 내 눈으로 볼수있다는것에 너무 감사하다... 이 영화가 나오고 난 후의 시대에 내가 살고 있는것에 감사하다////너무너무 감동적이게 잘봤다.. 하느님 감사합니다!
positive	인생작품이 하나 더 늘었습니다. 고맙습니다.
positive	이 영화의 시나리오를....<킹덤>의 김은희 작가가 썼다고 하네요....입봉작이었다고 합니다....
positive	진짜 몰입도 높게 봤어요 !!!!
positive	진짜 앞으로 이런영화가 또 나오길 기대해봅니다... 명작중에 명작
negative	왜 이렇게  평점이 높은거죠안보는것을 추천... 저는 콜 보기전으로 돌아가고싶네요 답답 그자체
positive	원작을 너무 좋아해서 영화 보는 내내 원작과 나도 모르게 비교하게 됐는데 한지민님 연기가 원작의 여주인공 캐릭터와 너무 똑같이 잘살려내서 정말 놀랐습니다 남주혁님은 원작의 남주인공과 조금 다른 새로운 캐릭터의 느낌이었는데 그 나름대로 좋았습니다 그 원작의 영상미를 잘 살려낼수 있을지 걱정하며 봤는데 상상이상으로 좋았고 영화를 다보고 난 뒤의 여운이 아직도 남아있습니다 한국적인 모습으로 바꾸면서 원작의 느낌을 살려내는게 참 대단한거같아요 개인적으로 스토리에서는 좋아하던 장면이 몇 개 빠져서 아쉬웠지만 마지막에 새로 추가된 그 부분은 참... 말로 표현할 수 없을 만큼 먹먹합니다 오늘부터 제 인생영화입니다 조만간 다시 보러갈거예요
negative	여주인공이 관객에게 발암을 선사해준다
positive	밥 너무 귀여워 연기천재밥
positive	난 극한직업보다 이게 더 웃김
positive	영화만큼은 아니라도 과잉보호하거나나 교육열 심한 부모들보면 그게 사랑이라고 착각하는 사람들이 실제로도 너무 많음. 영화는 극단적으로 표현했지만 그런 부모에게 자식이 느끼는 감정도 영화랑 비슷하다고 봅니다. 그건 사랑이 아니라 자기욕심 채우는거예요
negative	임팩트가 없어 심심한 클래식 음악과도 같은 평온함
negative	그냥... 재미없음;;
negative	많은걸 담으려다 망친느낌배우들 열연엔 박수!!!!
positive	너무 삐딱하게 보지 않고 그냥 재미로 보면 딱이죠.유채영 그립네요.
positive	가슴이 미어지는 영화네요... 봐야지 봐야지 하면서 이제서야 봤는데 대한민국의 모든 어머니 감사합니다
positive	마음따뜻해지는 영화...우린 원하는걸 얻기위해 얼마나 기다려봤을까?
negative	최악 시간낭비 너무하네 진짜
positive	재밌었다. 독특했고, 어느 정도는 타란티노스러워서 그러려니 했다. 배경지식이 조금이라도 있었다면 영화 마지막의 여운이 좀더 와닿았을텐데, 라는 후회는 조금 있는 듯. 아무튼 좋았으니 됐다. 오랜 러닝타임 시간이 아깝지 않았으면 그걸로도 족하다.
positive	지브리 특유의 빈티지한 느낌 너무 좋다. 보는 것만으로도 힐링되는 기분.
positive	소오름 ㄹㅇ 생각지도 못함
negative	누가봐도 쨍쨍한 날씨에 내리는 비가 억지스러워서 제목때문에라도 꼭 설정을 맞춰야만 했나라는 생각이 들었다. 그리고 갑자기 끝난 영화,,; 배우캐스팅이나 뉴욕의 풍경, 재즈의 선율은 굳!
negative	와 이걸 내가 기대하고 봤다니 ...ㅂㄷㅂㄷ차라리 원작을 똑같이 따라하지. 이게 뭐여
positive	내가 만약  결혼을 해서 아이를 낳으면 꼭 보여주고 싶은 영화
positive	그당시엔 너무 재밌게만 봤는데 오늘 다시보니 설정들이 굉장히 어설픈;; 그래도 기분좋게 볼수있는 코믹영화로는 굿입니다
negative	구려요 ㅜㅜ감독이 '나 이정도로 똑똑한사람이야!' 라면서 지적허영심을 과시할려고 일부러 영화를 어렵게 베베 꼬아서 만든 느낌..이런 유치하고 중2병 환자같은 감독이 만든 싸구려영화에 1점이라는 점수나 줘야한다는게 기분나쁘네요.. ㅜㅜ
positive	진짜 보는 내내 눈에서 물이 줄줄줄 새서 밤에 봤다가 다음날 마카롱 눈 됨 ㅠㅠ 성동일님 연기력은 역시 믿고 보는 배우 ㅠ 와 진짜 완전 잘하셔서 몰입하면서 업청 울었어요.. 다른 배우 분들도 연기력 미쳤고 ㅠㅠ 애기 너무 이쁘게 생겼어요...! 담보 영화 만들어주셔서 감사해요.><진짜 인생영화.. 울아빠한테 잘해드려야지!!
positive	마지막 엔딩곡을 듣다보면 조제와 영석이의 감정이 물밀듯 들어온다 주인공의 시선으로 보는 것이 아닌 제3자의 입장에서 조제와 영석의 삶을 엿보는 듯한 느낌이다 여러 가지 생각을 해보는 재미가 있는 영화, 잔잔하지만 깊은 울림이 있는 영화
positive	자칫 막장으로 갈수있는 스토리를 짜임새있게 잘 풀어감. 볼만함한수연 재 발견.
positive	영화속 인물의 심리에 공감을 못한다면 넌 미필이야~
positive	색다른 제안, 기막힌 완성.
positive	좋습니다~
positive	반전에반전에반전을 거듭한다 ㅋㅋ
positive	요즘에 이런 사랑이 있을까...날것 그대로의 느낌
positive	최고인데용. 역시 연기짱 코믹의 진슨
negative	공감 연습이 필요한 영화
negative	기대이하였고 영상미는좋았지만 지루했고 스펙타클긴장감도없었음 내가본 전쟁영화수작은 태극기휘날리 라이언일병구하기
negative	영화관에서 관람한 사람들은 참 억울했겠다. 젊은 남녀의 만담이나 들으려고 1시간 30분을 허비했으니
positive	중간중간 웃음 포인트 확실함. 염룡이가 연기를 잘 하기도 하고 다른 배우들도 잘 받쳐줘서 서로 연기력으로 묻히는 멤버 없음. 영상미, 음악이 개쩔고 어느샌가 함박미소 지으면서 보게됨. 개연성이나 떡밥 회수는 살짝 부족한 느낌 들지만 영상미로 다 씹어먹음. 센스있는 편집도 한몫함. 인물들 비하인드 스토리가 궁금할 정도로 어느샌가 집중해서 보게됨.
positive	가을 겨울이면  생각날거같은  영화많은  여운을  남기네요
negative	약 15년 전쯤 킬링타임용으로 틀었던 영화인데, 지금까지도 몇 장면은 꽤 생생하게 기억날 정도다. 로맨스의 대명사인 발렌타인데이와 큐피드(에로스)가 공포영화 소재로 쓰였던 점이 흥미로웠다. 다만 전개가 다소 진부하고, 요즘 나오는 공포영화만큼의 짜릿하고 시원한 극한의 공포를 기대한다면 아쉬울 것이다.
negative	백수남주도 발암..소방관여주도 발암... 아무리 영화라지만 너무 현실성없이 눈치없어서 보는내내 답답해죽는줄ㅠ
positive	수원왕갈비통닭... 머리에 자꾸 생각난다...
positive	정말.. 정말 여운이 많이 남는 영화입니다. 제가 태어나기 전에 만들어진 영화라 시대차이로 이해나 공감이 살짝 어긋날수도 있다고 생각했지만 역시 명작은 명작입니다. 배우들의 연기는 물론이고 이 영화 특유의 가슴이 저릿해지는 그 느낌이 많고많은 사람들을 울렸으라 생각합니다. 최근에는 이와같은 명작들을 찾아보기도 힘들망정 시국이 시국인만큼 매우 아쉬운 상황인데 오랜만에 이 영화를 집에서라도 보니 너무 감동적이네요. 제 개인적인 입장이라면 매우 추천드리고싶은 영화입니다..
positive	꿈 같은 과거와 차가운 현실이 화면 필터가 바뀌면서 겹쳐지는게 너무 인상적이었어요
positive	겨울마다 보게될것같다
negative	도대체 뭐가 재밌다는건지ㅋㅋㅋ무슨 여기 죄다 댓글알바했나 ㄹㅇ 노잼에 개답답하고 뻔한 전개...넷플로 보길 잘함ㅋ..
positive	인생 최고의 영화라고 감히 얘기하는 영화
positive	새파랗고 젊은 청춘들의 힘든 고난과 시련을 이겨내고 꿈을 향해 한걸음씩 다가가는 과정이 정말 멋있고 아름다웠던 영화.
positive	할머니의 바다같은 사랑
positive	유리님 현우님 연기가진짜 몰입도최고였어요중간중간에나오는 노래들도좋고 내용도 좋고 드라마로나온다던데 꼭 다시보겠습니다
positive	꼬마아저씨둘이랑 붕즈붕즈 체조하는거 보고 너무 유치해서 기절할뻔, 기존에 냉혹한 킬러이미지 한순간에 붕괴
positive	정말 단순한스토리에 2보다 더허접한 마지막 권투신....임에도 마지막 크리드와 둘만의 경기를 시작하면서 눈물이 나는것이 이 영화가 명작인 이유.
positive	긍정적인 의미로 원작이 궁금해지게 만드는 영화. 간만에 책한번 봐야겠다
negative	주작삘 풀풀나는 댓글들 극혐이네요
positive	큰 감흥은 없었다. 아프지 말자..? 돈관리 잘하자..? 다만 영상이 예뻤다
positive	두 배우의 섬세한 연기와 아름다운 영상미가 돋보였던 영화. 절절할수 있는 이야기를 담담하게 담아내서 너무 좋았어요. 특히 잔잔한 영화임에도 남주혁 배우의 섬세한 감정연기에 너무나 흠뻑 몰입하게 되었습니다.
positive	줄거리 보고 영화봤는데  이해가 가긴하는데 머리아프다. 재미있긴 한데 내가 즐기려고 보는건지 이해하려고 보는건지 모르겠다
positive	재.밌.다. 약 빤 영화 중에 최고랄까.. 한국에 이런 영화가 있다는게 놀라울 뿐. 찝찝함과 통쾌함 둘 다 있는.. 좀처럼 질리지가 않는 영화
negative	뭐가 아름다운지 같이 좀 알자..
negative	정확히 무슨 내용인지 모르겠네요. 영화를 이해하기가 좀 힘듭니다. 연극이 원작이라 어색합니다.검은 옷 여자는 누구이고 주영이는 변사장딸인데 왜 등장한거고 스님은 진짜 할매딸인지 정확한 설명이 없어서 좀 불편했네요.
positive	미국은 언제나 이긴다.. 미국은 언제나 위대하다.. 외계악당이 쳐들어와도 스파이더맨 배트맨 슈퍼맨 아이언맨 캡틴아메리카 이런애들이 다 무찔러준다.
negative	줄리아 로버츠가 민폐 캐릭터로 나온다는데, 이해 안 감.9년 만났고 아직도 감정이 남아있는 전남친이 결혼한다는데 그냥 천사표로 보내줄 여자가 몇이나 있을까?
positive	영상미 만으로도 올해 최고의 영화
negative	미저리랑 비슷한 느낌의 영화
negative	한국식으로 잘 풀어냈다. 라고 말하기엔스팸이 다가 아닌가 하는 생각입니다...초반 등장신에서부터 한지민의 조제는 너무 처량하리만치 불쌍하게 보였어요. 그 느낌은 영화 내내 이어지다가, 남주혁과 대화 중에서 이런 말을 합니다. 몸도 성치 않는 여자를 범한다라고 했었나?원작 조제는 오히려 더 큰 자아로 츠네오를 감싸는데, 한국 조제는 남주혁한테 기댄다는 느낌을 많이 받았습니다.그리고 남자 주인공의 바람기에 대해서도, 원작이 나올때의 2000년대 초반의 일본 그 특유의 싸구려(?) 정서상, 츠네오의 바람기가 납득이 가지만, 남주혁의 바람기는 지금의 시의성으론 전혀 납득이 되지 않는 부분이었습니다. 여자교수와의 관계도 그렇고, 서브여주에게 손 이쁘다고 추파 던지는 부분도 그렇고..둘 사이의 관계도 애매모호한 상태에서 전개 하기 급급하고,,이것 외에도 진짜 너무너무 많이 아쉬웠어요ㅠ물론 원작을 완전히 따라가면 그게 무슨 리메이크이겠냐마는.. 호랑이랑 물고기가 없는 조제를 만들었다는 생각입니다.여러모로 정말 아쉬운 그런 영화였네요ㅠ
소재와 연기는 좋았는데 그걸 풀어내는 각본과 연출이 아쉬운 영화 박종환은 지금보다 배는 떠야하는 배우인데 내가 다 속상하네
positive	전종서는 진짜 미쳤다 뭐 이런 배우가 다 있어?? 소름 돋을 정도네 이게 어떻게 신인이지? ㄷㄷ
positive	유아인 연기력이살렸네요 역쉬 유아인 끝이 허무했지만 신선했음 조금만 스토리를 탄탄하게했다면 굉장히 작품성있는 영화였을듯시나리오가 아쉽 유아인연기때문에 그나마 신선하고 살았음
positive	페이스오프 공장편. 비비안 리와 똑같이 생긴 소녀가 있다니...
positive	조제, 가을 겨울을 지나 따뜻한 봄.그리고 시린 겨울.조제와 영석이가 행복하길여운이 많이 남는 영화.두 배우가 많이 절제하면서 노력하는게 느껴짐
positive	와 별 기대안하고 봤는데,, 영화다운 영화 본거같아요
positive	한계가 없는 빈센트의 인생. 존경하고 닮고싶다
positive	이거 보고 이병헌 팬 됐지.. 이병헌을 위한 영화. 이병헌이 다 한 영화. 무슨말이 더 필요해..
negative	그냥 한숨만 나는구나ㅋㅋ
negative	진짜. 웃기는 새끼..
positive	씁쓸하면서도 여운남는 영화
negative	삶에 찌든것도 아닌데 학생들한테 애정도 없고 10년지기 남자친구에게도 싸늘하다가 다른선생 꼬투리를 잡으니까 그때부터 웃는다.  유인영, 김하늘같은 선생이 정말 있다면 최악. 금수저, 흙수저라해도 제자 가지고 각본 쓰는것 자체가 교육적이지도 않고  이성적이지도 않다.
positive	기대되네요 정말정말정ㅁ라
positive	잔잔한 영상속으로 흘러가는 스토리가 집중하게 만들었다.
negative	전도연때문에 그나마 별3개
positive	와.. 조정석 나오니까 귀가 트이네. 당최 대사를 몬알아먹긋다.
positive	이 작은 영화는 재미있다~
positive	<<마라탕 같은 영화>>   생각보다 더 잔잔하고 대사가 적어 배우들의 눈빛 연기만으로 감정을 따라가야 하니 중간부의 생략과 빠른 전개가 조금은 당황스러웠다. '내 취향은 아니구나' 생각하며 영화관을 나왔는데, 막상 집에 와 누워 있으니 '한 번만 다시 볼까?' 라는 생각이 든다. 먹을 땐 몰랐는데 내일 다시 먹고 싶은(마라탕 같은) 여운이 가득한 영화. 어쩌면 모두가 겪어 보았을 시작의 두려움과 설렘, 덤덤하면서도 가슴 찢어지는 아픔이 공존하는 영화.
positive	수작임.콜오브듀티가 하고 싶어짐
negative	최악. 그리고 무슨 여자가 탐험가? 그리고 결혼한 유부녀가 혼자 탐험을 떠난다? ㅋㅋㅋ 처음부터 끝까지 개소리
negative	실력은 없고 언플과 정치권에 기대어 사는 여자
positive	이런 영화 놓치면 평생 후회함.. 꼭 유료로 다운받길평생 소장가치 있음 나만 죽을까
positive	위대한쇼맨은 영상미가 넘치고 눈과 귀가 즐거워지는 영화이기 떄문에 10번을 본 저도 지루하지 않아요! 심지어 OST를 따라 부를 정도로 중독성있는 좋은 음악들로 생동감을 키워주기 때문에 저는 이 영화가 언제 어디서든 특히 자존감이 낮아져 있을 때, 신나고 싶을떄 보면 좋은 영화라고 생각합니다. 인생영화예요!
positive	처음부터 끝까지 잔잔해 천천히 조제의 세계로빠져들 수 있는 영화. 영석과 조제의 감정이 고스란히 느껴지는 가슴 저릿한 영화에요. 겨울과 어울려 지금 계절에 딱 보면 좋은..!
positive	잔잔하지만 여운이 남는 영화. 좋았습니다. 배우분들 연기가 좋아서 말하지 않아도 느껴지는 부분들이 있었던거 같아요 자꾸 생각나ㄴㅔ요ㅠㅠ 겨울에 잘 어울리는 영화였어요.
positive	스토리 대박이네요 박신혜 너무 이뻐요
negative	잔잔한 영화고 지루합니다. 내용도 이해 안되고요. 배우들 얼굴이랑 연기만 보다 왔습니다.
positive	1편보다 재밌다.존~이제 불에 타버린 집으로 가서 바닦을 부수고 총을꺼내 복수를 시작하자구!!!
positive	So much fun 넘 우꾜~~
negative	원작을 본 이상.. 개연성을 스킵한 뻔한 신파극 느낌이 드네요
positive	스토리는 누구나 다 알수있는 스토리지만 마지막 액션신은 역시 대단합니다. 역시 람보
negative	자전거가 주연임  아무튼 주연임
positive	감동 넘쳤습니다 오랜만에 새벽까지 영화보고 잠드네요
positive	다시 아픔을 겪을 걸 알고도 다시 사랑을 찾아 떠난다. 너무 낭만적이지만 아프다. 여운이 너무 많이 남아 질질 짰다. 나는 절대 이런 사랑 못해보겠지만 그래도.. 좋았다.
positive	인생은 만남이다 딸과의 만남 아들과의 만남 엄마와의 만남 아빠와의 만남..이게 가족이다 그리고 이별과의 만남..
positive	Good~~~#^^
positive	볼만합니다 소재도 좋고
negative	큰차 타면 내스스로가 큰 곰 같이 느껴지나벼 멸치 새귀들 트럭타고 배 경적소리 울려대면서 중소형차들 비웃으면서 쎄게 운전들 하는데 니들 진짜 그러다가 골로간다. 러셀형님이 니들 팔다리 확 분질러버리고 대갈팍을 그냥 확 뽀개 줘야 정신차리지 택시, 트럭, 레카차 개 사능으 새귀들 캬아아악 퉤
positive	관람객 평점 쓰려고 웹으로 결제하고 싶었는데 막타  지각이라 현장 결제했어요. 일단 원작 조제를 생각하고 가신 분들은 심심하다 느끼실진 모르겠지만 일본 특유의 그 느낌이 싫어 고민하던 저에겐 너무 좋았어요. 오래전 영화라 여러가지 시대에 뒤떨어진 내용이 그대로 나올까 염려했으나 연출에서 다 빠졌더라구요. 일단 영석이는..진짜 저 또래 남자애 같아서 ㅋㅋㅋ 순애보 비슷한걸 바랬던 저는 너무 현실패치됐다 싶긴 했지만 ㅋㅋ둘의 사랑에 더 공감하기 쉬웠어요. 평범한 그 나이 또래의 고민을 그대로 품고있는 영석을 표현하기 위한 장치라고 생각합니다. 사랑하는 상대가 장애를 가졌을뿐 영석이란 사람이 그 다움을 전부 잃진 않잖아요. 물론 영향을 받고 변하겠지만. 그리고 한지민 남주혁 배우들의 연기가 너무 좋았어요. 남주혁 배우의 경우 스타트업과 촬영이 겹친걸로 아는데 어떻게 도산이랑 전혀 다른 영석을 이만큼이나 잘 표현했는지 놀랍습니다. 언제의 겨울이 와도 생각날 영화에요. 올해 첫 영화관 방문이었는데 넘 좋았어요. 코로나라 조심스럽지만, 94 끼고 한 번 더 보고싶네요. 얼른 코로나가 괜찮아져서 영화관에서 맘편히 보고싶어요ㅠㅠ
positive	존 메이가 삶으로 그린 한 폭의 정물화.
positive	최고다 오랜만에 엄청 재미있는 영화
positive	중간 중간 생략된 부분이 불친절해보여 영화보면서 물음표인 것도 있었지만, 곱씹을 수록 그 부분들이 어떤 내용으로 채워졌을지 알 것 같기도 해요. 그래서 다시 보면서 더 생각해보고 싶기도 함. 원작을 좋아한다면 원작과 다른 점을 찾으며 실망할 수도 있겠지만 저는 원작과 큰 줄거리만 비슷하고 다른 영화라 생각될 정도로 이 영화 자체로 좋았어요. 쓸쓸한 이 겨울에 너무 따뜻하지도 너무 아프지도 않은데 왠지 잘 어울리는 영화입니다.
positive	일용직을 구하기 위해 새벽부터 줄 서있는 장면을 이 영화를 통해서가 아니라 직접 본 이가 얼마나 있겠는가. 우리시대의 어두운 민낯. 고달픈 취업란. 대책없이 나락으로 떨어지는 흙수저 인생. 결국 살아야 하는가.. 까지 이어지는 주제들. 나랑은 거리가 있는 삶의 이야기지만 영화가 끝나고 한참을 가슴아파해야 했다. 그건 그렇고 '인공 이야기'는 걷어냈으면 차라리 낫지 않았을까.
positive	보고나서 긴 여운과 울림이 남는 영화. 현실에서 잠시 떨어져 순수하게 서로를 좋아했던 추억이 있던 사람이라면 다시금 회상하게 되는 영화. 코로나로 잠시 멈춘 일상 속에서 슬펐지만 따뜻했던 영화였습니다. 겨울이 찾아오면 영화 조제도 같이 생각날 거 같아요.
negative	각종 훌륭한 재료들을 모아 라면을 끓여버렸네
positive	그냥 우연히 보게되었는데 끝까지 다 봤음 잼남
negative	소재는 신선하고 반전은 뛰어나지만 영화 전개가 억지스럽고 납득이 안되는부분이 많다. 설경구&류승범 연기는 너무나 뛰어나지만 성지루 역할은 이 영화 몰입을 망친다. 보는내내 영화 스토리 전개에 조금도 이유없는 깝쭉거림땜에 빡쳐서 끌뻔함.
negative	지금까지 본영화는그래도 왠만큼 재밋다고 하는편인데 본 영화중 재미없다고 한 영화는 처음인듯.
positive	스토리구성이 탄탄하고 배우들이 연기력이 뛰어나서 잼있게 잘봤습니다
positive	그저 울었습니다...
positive	내가 좋아하는 배우들 다 모여있길래 감독님 능력에 놀람. 진짜 배우들 조합 최고임
positive	부러 슬프게 만든 영화가 아닌데깊은 곳에서 울컥하게 합니다.배우들의 연기도 훌륭해요.영화보는 내내 심장을 살짝 움켜잡고 있는 느낌이랄까.
negative	믿고 거르는 중국영화
negative	거의 송강호 원맨쇼라고 생각함.
positive	서른넘어서 본 코미디 영화중 최고..웃기고 슬픔.시간순삭..
negative	쓰레기 이게 딱인듯.감독이 그냥 생각을 안하고 각본을 짜고 편집한 느낌이네요
positive	남주혁아니면 지금시국에ㅜ 이별이 너무 마음에 남는다 수족관ㅜ
positive	덤덤하게 마음을 울리는 영화
positive	넘치지 않는다.그래서 더 큰 울림이 있다.우리들 모두의 근원에 대한 이야기.소중하고 감명깊게 보았다.수정님 좋은연기 감사합니다. 그리고 당신의 행보를 늘 응원합니다.
positive	처음 접한 작은아씨들 영화라 너무 재밌어서 과거 영화 들 봤는데 이 영화 연출구성이 꼴찌라니 믿겨지지가 않는다.. 다른 작은아씨들 리메이크 영화들도 그당시 내노라하는 위노아라이더라던지 엘리자베스 테일러 등 대단한 네임벨류 여배우 총출동하느라 눈호강 최고!  모든 작은 아씨들을 사랑하며 2030년대 작은 아씨들 버전도 기대되는 작은 아찌들 작은 아싸들 작은 악사들 작은 아기들 등 새로운 버전도 흥하여라~~
positive	톰 행크스 최고,,인생영화!
negative	대공황과 공화당의 뻔뻔함을 좌파의 시선으로 비판하는 영화 '시민 케인'의 원작자 이야기. 감독이 데이빗 핀쳐. 예상은 했다만 절반 넘게 알아듣기 힘든 단어와 사건, 농담 투성이다. 그래도 표현은 수준이 높고 뭔가 멋진 구석이 있다. 게리 올드만의 연기는 훌륭했고 시대를 살리는 소품은 환상적이었으며 릴리 콜린스의 미모는 감동이었다. '나는 갈수록 내가 만든 덫에 걸린 쥐 같네. 덫에 틈이라도 생길까 자주 손 보지. 내가 도망갈까 두렵거든.'
뭐 전달하려던 메시지는 충분히 전달 되었으나 그 메세지가 맘에 들든 아니든 그건 뒷전이고 일단 연출은 조금 아쉽다고 느껴진다. 변호인은 더욱 뛰어났는데... 남자 넷이서 커플관 가서 봤는데 코메디라고 넣어 놓은 부분에서 다 정색하고 봤다. 우린 다 고딩이었는데도 말이다. 친구놈들이 다 공부랑은 지질이도 관련이 없었는데도 전개가 말이 안된다고 하였고... 확실히 뛰어나 보이는 지점은 액션정도인데 뭐 감독 본인의 생각을 표현하는 것은 저러한 아쉬운 점들 빼고는 나머지는 무난히 표현한 것 같다. 솔직히 정치적인것으로 너무 까이는 것 같아서 안타까워 보이기도 한다.
positive	참 재미있었다. ㅎㅎㅎㅎ.
positive	잔잔한울림이있는영화...잘봤어요
positive	영원이고 싶을 일상의 애틋함 과 설레임을 다시 기억하게 해주는 좋은 영화입니다.
positive	감동적이었고 뭉클했고 여운이많이남아요
negative	연기는 칭찬할만한데...하...판타지 드라마라 생각하고 보면 괜찮은데 영화라고 생각하고 보니 수준이 좀..CG며 중간중간 판타지 요소가..영화흐름을 깨버립니다..ㅠ그냥 사라지지 ..왜 스-스-스- 하게 ㅋㅋ이러곸ㅋ암튼..시간 잘날려 먹엇네요 ^^킬링타임용 ㅋㅋ굿굿
positive  MY평점 겨울의 감성 영화로 볼만 하다. 원작을 보지 않아도 괜찮다. 한지민의 조제도 나쁘지 않고, 남주혁의 영석(지금 시대의 20대 청년)도 설득력 있다.전반적으로 괜찮은 감성+영상 미학이 담겼다.혹평은 과하고, 호평은 또 조금 아쉽다. 그럼에도 예매 비용이 아깝지는 않다. 배우들 연기 좋았고, 다만 서사의 전개가 조금 아쉽다. 감독의 세계관이 넘 강하고 올드하다는 게 호평의 발목을 잡는다.
positive	퇴근후 만삭 아내와 함께 오랫만에 영화를 봤습니다...열편의 액션영화보다 소중한 시간이었습니다.이 영화는 요즘 시대를 사는 많은 사람들에게 희망과 용기를 주는 것같습니다."생각보다 인생은 길다."명대사 추천입니다.
positive	빠른 전개 좋다... 사실 세세한 전후관계 같은 거 필요없음 눈만 즐거우면 되니까♥
negative	제발 남주혁씨 우는 연기 연습좀
positive	영상미가 너무 좋았어요. 눈이 부시게의 두 배우라서 아무 사전 정보없이 예매했어요. 잔잔하면서 애잔하고 .. 엔딩 크레딧 노래까지 너무 좋았어요. 여운이 계속 남아요.
negative	너무 설명하지 않고 넘어가는 부분이 많아서 황당했던 영화. 원작을 좋아해서 한국식으로 풀면 이야기가 어떻게 될지 기대하고 갔는데..
positive	유치하지만 그래도 이 영화의 매력이니까
negative	감독과 배우때문에 너무 기대를 했는지 보고난 후에 솔직히 실망했습니다
positive	다들 꼭 보세요... 꼭 보세요!! 재밌습니다ㅋㅋㅋ정말 이런영화 또 없으니 꼭 보세여ㅋㅋㅋㅋ
negative	이렇게 쓰레기 같은 영화는 처음.. 고작 천원 주고 샀는데 천원 주고 사탕 사먹는 게 인생에 훨씬 도움 될 듯 내용 전개 방식이 뚝뚝 끊기고 이야기간 개연성이라곤 찾아볼 수도 없음 애들 보여주기에도 나쁜 짓을 너무 미화해서..;;
negative	와 아직도 이런 3류 영화가 제작이 되네근10년간 본 영화중 최악임연출은 뭐하는지
positive	제 인생영화에요. 3번 봤는데 볼 때마다 새로운 부분도 알게 되고 여러번 봐도 많은 걸 느껴요. 주변에 추천도 많이 한 영화. 몇 년 후에 또 보고 싶은 명작입니다.
positive	크리스마스 영화로 클래식으로 남을만해요~아이들과 보기 좋고 어른에게도 크리스마스의 감동을~!
negative	별점 1도아깝다.알바들많이풀었네ㅋㅋㅋㅋ라미란은 왜저딴개망작을찍엇는지 구출해주고싶고 쓰레기오브더쓰레기임.폰보면서딴짓하고싶음보세요,^^백두산보다더개핵노잼이예요.^^
positive	난정아~ 에서 태옥아~ 로 바뀜.액션만 보면 100점.
positive	킬링타임용으로 매우 볼 만 해요. 극장에서 봤다면 9점은 줬을 것 같은 몰입감. 애석하게도 희망 따윈 없는 현실적인 결말 ㅎㅎ..
positive	모든 남성들이 한번쯤은 겪는 감정.덤덤하게 풀어낸 영화.
positive	연기도 잘 하고 노래는 말할 것도 없고 주연들 비주얼까지 좋네요
positive	연기에서 감독으로 성장하는 모습이 너무 멋지고 감사하다는 생각이 들어요. 시어머니 병원에서 선글라스 끼고 벽에 서있는 모습은 정말 최고 였어요. 장준환 감독님과의 캐릭터는 정말 너무 멋져요~! 화이팅~~!
positive	진짜 남주혁이랑 한지민 로맨스 찍는줄 알고 봤는데 또ㅠㅠㅠ 그래도 너무 감동적,,,, 영상미도 대박이고 배우분들 연기 어쩔 ,, 잔잔한 영화에요
positive	보고 소름돋았어요 ㅠㅠㅠㅠ 결말을 위해 존재하는 영화···
positive	기네스 팰트로를 차지한 상남자 브래드
negative	연기만 좋아요 주인공 개답답하고 스토리 만드려고 말도안되게 답답하게 만듬 거의 뭐 주인공 뇌없는수준 중간부터 답답해서 1.5배속하고 봤어요ㅋㅋㅋㅋ
positive	어렸을 때 생각나네. 이건 영화라서 해피엔딩...
positive	저의 인생영화 중 하나가 ‘조제,호랑이 그리고 물고기들’이라 코로나를 뚫고 개봉날 바로 봤네요.아주 절제되어 있고 시간의 흐름을 관객들에게 맡기는 듯한 구성이 전 좋았어요. 다 보여주지 않고 슬쩍 숨겨두어서 더 절절하게 느껴졌습니다. 원작과 꽤 다른 느낌이라 놀랐고 영상미에 또 한번 놀랐어요. 마지막에 차에서 눈물을 억누르는 남주의 모습을 보며 저 또한 울었습니다. 사랑이란 지나간 그 시간속에도 있지만 지나고 난 지금도 다른 형태로 남아있듯 그들의 남겨진 사랑과 성장에 여운이 남네요.
negative	영화화만 했다 하면 아주 그냥
positive	연애시절 봤던 영화였던 것 같은데 기억에 없는 걸 보니 별다른 감흥이 없었나보다. 하지만 난 그 사이에 가장이 되었다. 주인공의 그 처절한 상황들이 너무나도 가슴이 아팠다. 아내의 누명을 벗기지 못하는 자괴감. 엄마없는 생활이 익숙해져가는 아들. 여전히 소원한 아버지와의 관계..  마지막 아버지와 악수하는 장면에선 나도 눈물이 터져버렸다. 영화 속에 얽혀있는 수 많은 고뇌들에 대해 공감을 느끼며 시청했다. 스릴러틱한 홍보와 섬네일이지만 이건 철저히 가족영화다.
negative	시간 가는줄 알고 봄ㅎㅎㅎ
negative	한지민 남주혁 이쁘고 잘 생겼다..연기도 최고!  다만 원작보다 매끄럽지 못한 스토리와 결말이 조금 아쉬웠어요.
negative	조제 호랑이와 물고기들에 호랑이와 물고기들이 없다...물론 조제도 없다?굳이 한국여자가 자기를 조제라고 불러 달라?설득력 없음
negative	재미도 감동도 없는..
positive	연출 스토리 너무 완벽했음 최근본 영화중 정말 재미있게 본 영화
positive	인생은 사랑이다 사랑없인 아무도 아니다
positive	저기요들 각자 다들 위치에서 열심히 하지만 결과가 나 때문이 아니여도 그저그렇게 나올수 있잖아요? 평점 낮은거 꽤나 속상허네 참나재밌고 연기 잘하고 거기다 웃기기도 한데 재난영화라고 해서 재난만 하이퍼리얼리즘으로 보여주길 원하면 다큐 봐야지들 ㅠ ㅜ 재밌구먼 항상 무언가 모든게 완벽해야되냐고들~~~~ㅎㅅㅎ 재밌게 하루 보냈으면 됐지~~~ 다들 백두산 퍽팔 조심하라고,,,,
negative	형사 둘이가 젤 낫네....
positive	서스펜스를 켜켜히 쌓아가는 방법...
negative	즐거움의 나라였나. 거기 광대들보고 공포를 느꼈음ㅋ 얼굴들이 소름돋음.. 쥐보고 힐링함ㅋㅋ 그노무 인종차별때문에 흑인이 갑툭튀??? 아시아인도 넣어달라해야하나ㅋㅋ 병정들에 포위될때 칼들고 와칸다포에버 외칠거같은 분위기ㅋㅋ
positive	러브 스토리가 다가 아닌 영화. 생각해야 할 것들에 대해 영화가 잘 풀어 놨느냐에 대한 점은 의문이지만, 책을 읽은 상태에서 보면 늘 울 수 밖에 없다 T_T
negative	솔직히 지루함이 커요....
negative	모 이런 영화가 다있데영? 말이됨? 왕짜증 ㅜ 저 홀딷벋은 여배우가 불쌍히네영
positive	원작의 분위기랑은 다르지만. 충분히 좋았어요눈오는 날. 한번더보고싶은~
negative	그냥 흔한 영화 ,영상미는 굳 , 스토리는 기대 마시길
positive	문득 잘 살고 있나 하는 생각이 드는군요..
positive	실제로 이라크 모술에 가 있는 듯한 느낌
positive	솔까 같은 나이대로만 비교하면 저당시 유덕화 외모는 아시아 지존임....저당시 유덕화 나이와 같은 나이의 원빈정우성장동건 한번 비교해봐라...다 오징어다... 당시 턱선이랑 코, 그리고 오대오 가르마 펌에 개지존 패션! 당시 한국 연예인들 김민종, 손지창, 장동건, 정우성 등등 옷입는것까지 다 따라함. 특히 수트안에 셔츠입지않고 베스트만 입는건 압도적 패션이었음. 당시 정우성이랑 유덕화가 같이 찍은 영화 한 번 봐봐! 정우성도 쫄아서 오징어였어!
negative	지금 보면 좀 많이 약하다.
negative	빡치면 얼마나 집요하고 무서울수 있는지 연기로 잘들어났으나 후반부로 갈수록 앞에 비해 연출과 긴장유지가 다소 부족해서 아쉽
negative	역하네. 부산행 하나 얻어걸리고 나머지는 다 망작
negative	아... 제발 외모말고 연기력만 보고 시나리오 돌리면 안되나? 시나리오가 왜 강동원에게 가는지 이해가 안된다. 영화를 말아먹으려고 작정을 하는구나. 돈이 남아돌 만큼 여유가 있으면 기부를 하던지!!!
positive	한국에서 나온 정말 간만에 나온 멜로 영화라는 점에서 점수를 더 드리고 싶어요 한지민 남주혁의 공감 가는 연기력에 박수를 보냅니다 여운이 오래 남네요 잔잔한 영화지만 마음속의 감동은 짙고 요동치네요
positive	일본판이랑은 내용흐름, 캐릭터성향,결말이 거의 비슷함 근데 매력이 색달라요... 호랑이와물고기를 표현하는게 다르고 색감이랑 둘이 사랑하는 느낌도 다르고 두작품 모두 너무너무 좋아요또 보러 올꺼 같아요 한지민 남주혁 배우님 연기 너무 감사합니다 덕분에 작품 몰입도가 컸어요
positive	배우들의 연기가 탄탄하니 긴장감이 더 해진다.
positive	이문식은 역시 코미디~ ㅎ 근데이영화... 코미디긴한데 슬픈데...ㅠㅠ
negative	포스트에 비해 스케일 엄청 큰 재난영화인줄 알았지만 좀 실망스럽고 연출과 스토리가 상대적으로 평이함
positive	실제 미키 워드라는 선수가 잘했던 머리 다음 왼쪽 바디의 간장을 노리는 샷을 너무 잘 보여줬다. 크리스찬 베일의 연기도 정말 끝내주는 디테일 그자체. 뻔해도 너무 재밌게 볼수있는 잘만든 영화.
positive	인생 최고의 첫사랑 영화 중간중간 그리고 마지막의 김영광 표정들은 과거의 나의 표정이 저랬었나 싶을정도로 현실감 있었다....
positive	박정민 진짜 메소드 지림
negative	이병헌만을 보고 영화 전체를 너무 기대를 했다. 이병헌의 연기는 역시 좋았다. 그 외에는 허술했다. 강동원은 아직도 연기가 늘지 않은 상태로 시나리오를 덮썩 물었고, 김우빈은 덜 익은 상태에서 배우랍시고 브라운관에 몸을 드러냈다. 진정한 마스터는 이병헌임을 증명한 영화였다.
negative	마무리가.아쉽지만 볼만함.잔인하긴하지만 그런건 잘보는편이라.. 그 애는 뭐지.. 개연성이없긴함
positive	추억의 게임 철권 애니 영화한 작품 볼만은하나 안나오는 케릭터가 너무 많다 철권 태그 처음 오락실에 나왓을때 오락실로 갔을때로 돌아가고싶다 이때는 강박장애란 병 없었는데 나 다시 돌아갈래!
positive	긴장감도 있고 반전도 좋았다
positive	왜 평점이 낮은거지? 처음에는 좀 지루했는데 가면 갈수록 너무 재밌규 감동적이엥영
positive	여운이 가득한 영화, 조제의 마음과 영석의 마음이 다 이해가 가면서도 슬픈...
positive	완전좋음 오랜만에 좋은영화
negative	테러범들은 귀머거린가? 애가 저리우는데 안오네
positive	기대 없이 봐서인지 더 만족스러웠네요점수를 낮게 준게 보여서 10점드림 8.5정도 되는듯
positive	박해수라는 배우가 또 어떤 작품에 출현을 했나 찾아보게 만든 영화. 박해수씨 앞으로 쭉쭉 뻗어 나가시길.ㅅㄱㅎ.ㅊㅁㅅ.ㄱㅇㅅ.ㅎㅈㅇ.ㅎㅈㅁ..등등 이제 좀 질리기 시작하는 영화계 주연들만..보다가 새롭고 좋았습니다.
positive	18살때 처음본 영화눈물은 나지 않지만 가슴한구석이 잔잔해진다.매년 봐오던게 벌써 22년째 되어간다...
positive	니가 생각나네 .. ㅎㅎ
positive	그냥 모든게 완벽...진짜 마지막에 손가락질은 영화관에서 소리 빵빵하게 들으면서 봐야됨...소름 돋고 눈물이 와르르....
negative	영화 제목이 바람바람바람.... 옛날에 들었던 김범룡의 노래가 떠오르는 제목이다. 등장인물은 좋은데 스토리가 그닥 재미가 없다. 코믹이라지만 뭔가 많이 부족한 전개가 정말 아쉽다. 송지효 팬인데 그도 영화를 찍으면서 갈등이 많았을거 같다. 비슷한 영화 (바람피기 좋은날)은 김혜수가 나와서 어린 남자랑 원나잇을 즐기는데 그 영화도 그닥 재미는 없었다.
negative	영화관에서 보기는 조금 아쉽고 . 드라마 미니시리즈  하면 2루타 정도에 시청률 나올듯.
negative	중화사상 듬뿍 퍼부은 중뽕 영화..
negative	너무 지루합니다. 전개도 이해안되고 실망이 큰 영화
negative	극본이 작위적이니 이 배우들 데리고 흥행을 못했지.
positive	잭 니콜슨 연기 보려고 다시 봤는데 재밌네
positive	서울의 한 면과 그 곳을 살아가는 사람들이 보인다.시간이 지나서 보게 되더라도 지금의 서울의 모습과 현실을 볼 수 있기에 괜찮은 영화인 거 같다. 무책임한 어른들의 모습도 보이고 정책과 규정을 내세우는 사회의 모습도 보인다. 그 가운데 마땅히 갈 곳도, 어느 한 군데 편히 누울 곳도 없는 성철의 모습은 단지 영화라고만 볼 수 없는 아픈 현실들을 담고있기에 슬프다.
positive	복선이 깊이 깔린 영화...
negative	재미는 있는데 중국집 주인 딸하고 마동석하고 무슨관계인지, 왜 죽었는지 등등 스토리 전개에 필요한 부분인거 같은데 안나와서 아쉽네요.
positive	별기대없이 봤는데 영상미랑 음악이랑 구성이랑 너무 좋았습니다.
negative	개그영화인줄;; 편집도 이상하고  설정도 웃기고;;
positive	와... 단언컨데 캐스트 어웨이와 함께 톰 행크스 인생 최고의 영화다....
negative	일본 영화 조제가 더 감동적이다~
positive	스토리가 넘 감동적이에요 다음에 또 봐야지
positive	그냥 보셈!! 또 볼거임 이해안가서
positive	통통튀는 편집이 재밌는 웹드 보는 느낌인데 사운드와 영상미가 매우 그럴듯함. 마지막 주인공의 무대장면 하나만으로도 극장에서 볼 가치가 충분했다고 본다. 뻔하고 유치할거라 생각했는데 약간 소름돋음. 가수 니엘의 본업이 매우 기대되던데. 몸짓이나 음색이 아주 매력적임.
negative	일본판이 훨씬 나은듯..
negative	평점 1점도 아까운 영화...ㅋ
positive	서치만큼 몰입도 최고인 영화!
negative	마지막 까치인지 까마귀인지지푸라기 하나로 온동네 셧다운 시키는 장면 그건 좀 너무했어요
positive	지역특색과  습성을 이토록 잘알고 잘표한 미디어매체가 있을까? 자신의 이익이라면  통수도 마다하지 않는...특색을 아주 잘살렸다 마지막 조선족의 통수까지 캬아
positive	10점 만점에 10점. 긍정적으로 보는 시각이 먼저
positive	졸리의 액션배우 전성기 시절
positive	이런 영화...를 볼 수 있게 해주셔서 감사드립니다.
negative	전반적으로 몰입되고 좋았는데 여자 가슴이야길 왜자꾸 하는지 짜증남+ 중국뽕 좀 있음
negative	개연성없다 정말. 이런 스토리로 그나마 이정도 연기 해내다니 배우들이 존경스럽네
positive	와 이건 뭐 쳘권 캐릭터의 집합체네 액션 하나만으로 10점 준다..
positive	배우들이 연기를 진짜 잘함.. 그리고 영석이를 통해 조제가 세상 밖으로 나올 수 있게 되어서 너무 좋았음.. 그리고 결말이 정말 현실적이라 더 애틋하고 뭔가 더 슬펐음..ㅠㅠ 호랑이가 있다면 내가 잡아먹힐테니까 그 동안 넌 도망가라고 한 것도 좋았고 아쿠아리움에서 한 대사들도 진짜 좋았음ㅠㅠ 굳
positive	나미의 빙글빙글 돌고~
negative	장르에 대한 집착
positive	후반부로 갈 수록 몰입도가 올라가고 직접 추리하는 느낌이 들어 정말 재밌게 감상했다.처음부터 끝까지 미스터리한 느낌을 주기 위해의도한 연출이나 미장센이 너무 아름다웠다.
positive	잔잔하게 보기 좋은 영화였어요 따뜻하고 슬퍼서 여운 많이 남는 영화입니다ㅠ다만 처음부터 끝까지 차분하고 영상미있는 영화여서잔잔한 영화 안좋아하시면 비추입니다.남주혁 한지민 배우님들 연기 너무 잘하세요ㅠㅠㅠ
positive	요 근래 봤던 영화중 가장 몰입감 있고 재밌게 봤어요 !!!!
positive	평점이 너무 낮은듯..볼만합니다.
positive	그냥 뭐~~ 무조건 재밌어요!!
positive	노력많이한 영화라는 느낌이 있다.
positive	오우 막판 반전....
negative	일본 원작이 너무 좋아서 리메이크 한다고 할때 살짝 걱정했는데 영화를 너무 우울하게 만드셨더라구요 그렇게 잘 웃는 한지민을 ㅜ ㅜ
negative	원래 박신혜 영화들 위주로 거부감있었는데 이번에 더 거부감들게 한 영화.항상 박신혜 역할은 정의감은 넘치지만 그 이후를 생각하지 못하는것 같다.주인공이 너무너무 멍청했고 그러면서 일은 커졌고 주인공이 할줄아는건 하나도 없었다.충분히 막을 수 있었지만 똑똑하지 못한 대응과 너무 심심했던건지 잘못걸려온 전화에 일일이 전화를 받다가 친해지는 모습이 참 인상적이었다.나였다면 걍 휴대폰하나 사러갔을듯
positive	조제와 영석의 사랑의 시작과 끝에서 거창한 이유를 찾으려 하는 관객들에게 그들도 그저 평범한 사랑을 했을 뿐이라고 말하는 영화. 잔잔하고 느린 흐름이 개인적으로 원작보다 훨씬 좋았습니다
negative	ㅎ...굉장히 어설픈...뭔가 급하게 만들어진 느낌.
positive	한지민 남주혁 연기에 감동..잔잔하면서 좋았던 영화였다.
negative	마지막에 무엇을 의미하는건지..왜못떳는지알듯..?
negative	출연 배우들 연기는 10점 만점에 10점.그러나,  이해할 수 없는 결말과 주인공 성격들ㆍㆍ많이 아쉽습니다.
positive	영화 솔찍히 재밋게봤습니다. 발암이라고 하시는분들도있지만, 발암케릭터로 인해 스토리가 더 진행이됐다는거그거는 그렇다치고 재밋게보고있는데,마지막 쿠키영상 .... 진짜 에바....이전에있던 룰들 다깨버리는건지나만 쿠키영상보고 그 마지막부분 이해못하는건가 하고 같이본 남친이랑 한시간반동안 싸우는중 남친도 내얘기듣다가 갑자기 의문점 갖기시작죽지도않았는데 과거는 진행중인데 현재를 과거가 결정났다는듯 공간과 사람을 바꾸어버린것 그게 가장 큰 문제점인듯 영화는 괜찮았어요초반에 좀 지루해서 졸다가 안보다가 주변에서 재밋다 추천해서 두번째볼땐 잠와도 집중해서보는데 중간스토리들이 재밋었어요 조금 뻔했지만 무튼 재밋게봄 결말 엔딩 작가가 다말아먹음
positive	휴..눈물은 찔끔 나오는데 머쓱해서 정말 정자세로 꿈쩍도 안하고 보느라 너무 힘들었네요...진짜 재미있게 보고 왔습니다?? 작화도 말이 필요없고 중간중간 애니랑 이어지는 부분도 있어서 좋았어요!! 정말 최고입니다..!!다만 가끔가끔 웃겼던건 인물끼리 거리가 엄청 멀게 비춰지는데도 대사 치는걸 보고 저게 서로 들리기는 하나..?싶어서 웃겼네요ㅋㅋㅋ 애니라 그런거겠지만 빵빵 터졌습니다
negative	이걸 영화라고 만들었냐?
positive	영화가 잔잔하고, 먹먹해서 여운이 오래 가네요. 한지민, 남주혁 연기가 매우 좋았고, 영상이 이쁩니다. 한번 더 보러 가려고 합니다.
positive	잔잔하게 두분연기 잘봤어요^^원작 대충 내용은 알지만 안보고 갔길 잘했어요 2시간이 금방 지나가서 아쉬웠네요ㅜㅜ
positive	지금까지 본 영화 중 최고에요~ 영상미, 스토리, 연기, 음악까지 완벽하네요~ 이런 영화가 많이 나왔으면...
negative	1점도 주기 아깝네 OO
positive	또울었다....명작
negative	전종서 별로 안 무서움박신혜 개답답함. 소리지르고 뛰고 울기만 하다가 끝난다. 박신혜가 전종서한테 삼전 네이버 주식 사라고 했으면 개과천선후 절친 쌉가능했다
negative	친절하지 않는게 아니라, 설득력과 개연성이 없는 것.
positive	처음에는 톰에게 감정이입했다가, 썸머 입장에서 다시 보니 그녀의 감정, 선택이 이해가 된다. 썸머는 성숙했고 톰을 많이 사랑했다. 단지 짝이 아니였을 뿐.
positive	진짜 너무너무 재밌다!!!!
positive	가슴이 뭉클하면서 감동적이였어요ㅜㅜ
negative	돈 아깝고 시간 아깝고 감동도 재미도 스토리도 없네요 ... 답답하고 지루함 ㅠㅠ
positive	억지 감동 신파가 없어도 울림과 여운을 줄 수 있는 할리우드
negative	진짜 별로임 노잼 잠와죽을뻔
negative	여고생의 풋풋한 사랑~ 예쁜줄 알았다. 공감대 형성이 전혀 안되고, 보고난 후 기분 나쁜 영화는 첨이다. 스토리를 꼭 이렇게 했어야 했을까?창피한 영화~별점 마이너스
positive	소이야... 사랑해 ㅠ아역배우 소이의 매력에 푹 빠져버렸고 아니 성동일 배우님.. 연기 진짜 레전드.. 하지원 배우님 너무 아름다우시고 최희원 배우님 착한 역으로 나오셔서 적응 안되던 !밤에 봐서 울음 참느라 노력했어요 너무 감동적이었어요ㅠ
positive	깊은 여운을 남기는 엔딩
positive	카메라 연출부분이 이전 영화와는 다른 느낌을 주어 저걸 대체 어떻게 찍었을까하는 의문이 들 정도로 몰입해서 잘보았고 전쟁영화 좋아하는 분들은 한번쯤 봐도 후회는 없을 영화
positive	처음에 나올때 너무 복잡해서 재난영화인줄알다가.무슨외계인나오고 그냥볼만했는데.모레츠가이뻐서 보게된다 !
negative	'생각한 죄로 재판받은 적은 처음이라서요.' 영화의 진보 가치와 정의, 68년 당시의 평화적 혁명 분위기와 당시의 뒤틀린 재판이라는 주제는 뛰어나지만 연출은 넘나 아론 소킨 다운 극적 헐리우드(뻔한 감동 짜내는 엔딩은 눈물 난 게 부끄러울 정도). 주제와 출연진이 화려했기에 개인적으로 실망도 컸다. 이전에 추진했던 스티븐 스필버그가 감독하고 윌 스미스가 바비 실 역을, 히스 레저가 톰 헤이든 역을 했다면 얼마나 멋졌을까!(아쉽게도 감독 미팅 전날 사망했다...).TMI : 레니 데이비스는 재판 중 전사한 미군의 이름을 적었지만, 실제로는 사망한 베트남군의 이름도 적었다. 얼마나 멋진 반전주의자고 휴머니스트냐! / 데이비드 델린저가 재판 도중 사람을 때렸지만 실제 그런 일은 없었다. 완벽한 평화주의자를 왜 극적 재미를 위해 감정 조절 못하는 사람을 만드냐. 실제 전사한 미군 명부를 읊은 것도 델린저였다, 판사가 당황하는 영화와 달리 실제로는 금세 제지되었지만. / 판사 같지 않은 호프만 판사는 실제 바비 실에 재갈을 물리고 결박했는데, 영화에서 금방 풀어준 것과 달리 일 주일 가까이 그렇게 재판을 진행했다. 입에 재갈을 물린 재판이라니, 맙소사. / 여장 요원은 픽션이다, 물론.
애니메이션이 상당이 퀄리티 높고 연출. 캐릭터 움직임 등 상당히 공들인 느낌이 남.다만 다른 스파이더맨들의 컨셉 몇몇이 좀 억지스럽고 존재감이 별로 없어 그부분이 아쉽
positive	독립 영화 느낌? 액션신은 볼 만 했음
positive	조제 그자체 영석 그자체 겨울만 되면 떠오르는 영화가 될것같네요 힘든 시기지만 끝까지 화이팅입니다
negative	마지막에 졸리더라....
positive	별로 기대안했는데 의외로 볼만했음.cg도 괜찮았고 다만 여주캐릭터 비쥬얼이 원작에 비해 너무 개구장이처럼?생겨서 좀더 매력적이였으면 어땠을까 하는 아쉬움이 있음
positive	와 전종서 퇴폐미 진짜 반해버렸다; 버닝때도 눈여겨봤지만 마스크 때문인지 이런 신비로우면서 뒤틀린 연기 너무 잘한다... 영화 자체도 스토리나 전개가 꽤 괜찮다. 근데 마지막에 꼭 그런걸 또 넣었어야했나...
negative	볼만하긴한데 스토리가 조금더 다듬으면 더 좋았을텐데 많이 아쉽다
positive	잘 살고 있는지 앞으로 어떻게 살아야할지 고민이 많던 때여서 마음에 큰 위로가 되었습니다. 영화 만들어 주셔서 감사해요.
positive	마지막에 사운드 빵빵! 코시국에 콘서트느낌 데대로 짜릿하게 받고 왔습니다^^
positive	한번더 보고싶은 영화였어요배우들에 연기,장소,계절...모든게 다ㅠㅠ몰입하게 만드는 하지만 슬펐어요ㅠㅠ
negative	진짜 너무 재미없었음 끝.
negative	동물학대 영화네요.  처음부터.
positive	나쁘지않음 웨이브 무료영화인데 평점안보고 봐서 재미있았움
positive	원작은 보지않았지만남주혁배우만 보고 개봉하자마자 달려감ㅎㅎ기대했던만큼 정말 감동적이었어요..  또보러갑니당ㅎ
positive	깔끔한 권선징악 더불어 주조연배우분들의 대단한 연기
positive	이 겨울  옛날 연인이 생각나게 하는 영화네요 잔잔하지만 가슴속에선 파고가 ...한지민과 남주혁의 케미는 이번에도 옳아요.한지민씨는  눈빛으로 쓸쓸한 조제의  모든걸 말하네요.남주혁씨도 방황하는 청년 모습 기대이상입니다
positive	그럼에도 불구하고 일상은 반복된다.
positive	원작을 보고 이 작품을 본 후 저의 생각은 조금 아쉬웠지만 한국스럽게 잘 표현했다고 생각합니다.일본판은 그 특유의 일본영상미와 분위기가 너무 잘맞았다고 생각하는데 한국판은 약간 중간과정이 많이 생략되는 느낌?,, 그치만 좋았습니당그리고 영화에서 조제를 이름으로 불러주는 사람들이 없어 씁쓸한 기분도 들었네용
negative	언젠가 부터 한국영화는 시나리오엔 신경쓰지 않고 겉으로 보이는 떄깔과 배우들의 연기에 크게 의존해가고 있는거 같다 과연 이영화가 배우들의 열연을 제외하면 무엇이 남을까 원작보다 감동적이지도 않고.... 많이 아쉬움
positive	처음엔 무슨 내용인지 몰랐다가 들어가기 직전에 검색해보고 알았어요 재미 포인트도 계속 있구 저는 재밌게봤어요 ㅎㅎ 영화보고 급 관심 생겨서 김대중 전대통령님 자서전도 구매해서 읽고 있습니다!!
positive	잔잔한 영화입니다. 배우들의 뛰어난 연기력으로 몰입도있게봤어요
positive	2020.12.10 2300에 보는 이웃사람.김성균의 표정연기가 압권이다. 마동석이 영화의 재미를 더했다.이정도면 심장 쫄깃한 긴장감으로 충분한 영화다.
positive	늦게 도착한 종착지는 평범한 도시였다
positive	뒤 늦게 봤네요. 이렇게 재밋을수가. 전혀 기대안했고 배우가 탄탄한 분들이라중간은 하겠지하고 봤는데 시간가는줄 모르고 봤네요. 제가 몰입을 잘 못해 영화 보다가 잘 자거든요. 엔딩까지 다 봤습니다. 최고 !!
positive	그녀에겐 완벽했던 야수
negative	원작은 못따라가서 좀 아쉽네여 두주인공이 현실벽에 포기하게 되는 과정이 많이 생략된듯.. 원작에 비해 밋밋해요 하지만 주인공들 연기는 담백하고 좋았어요
positive	보고난 뒤에 여운이 느껴지고 오롯이 두 사람의 감정을 잘 전달받을 수 있었어요 계속 마음이 아팠고 나중에 엔딩에 나오는 노래도 상황과 잘 맞아 좋았어요
negative	먼내용인지 이해 불가능
positive	니엘 생각보다 연기 괜찮고 노래도 다 좋았음
positive	풍부한 스토리와 화려한 볼거리. 새로운 스타워즈 3부작으로 만나길 기대한다.
negative	와 사람들의 호평속에 잔뜩 기대를 안고 관람했지만, 이렇게 실망스러울 수가 있을까... 영화 도중 극장을 나온 영화는 너가 처음이야. 나중에 내가 잘못 생각한거일 수도 있다며 다시 봤지만, 역시 별로. 제일 별로였던 점은 남주가 너무 만인의 왕자st가 아니었단 점!
positive	괜찮음.  스토리 연기 모두 볼만
positive	난이영화가왜케재밌지전종서가좋아하는서태지 ㅋㅋ
positive	색안경 끼고 편견을 갖고 보다가 아닌걸 알게되니 뭔가 새롭네~
positive	잔잔허니 보기 좋았슴다 눈물 찔끔
positive	경치도 너무 좋았고 스토리도 좋았어요 여행가고 싶네요
positive	원작은영원한것은 없다는것에 사랑도 예외는 아니었지만  조제에게 세상으로 나갈 용기를 준 선물같은 사람이었지 사랑의힘은 언제봐도 대단하다...
negative	그냥 영상미로 보는 영화. 내가 알던 키이라 나이틀리가 아닌 것 같은 착각과 약간의 거슬림. 디즈니가 어린이와 어른들 모두를 위한 영화라면 이 영화는 어린이 타겟인듯
positive	원작은 바라보게 되고 한국판은 이입하게 된다.
negative	재난 영화 치곤  억지스러움이  덜하고  강ㅅ동적이었지만 재미는없음
negative	나만 별로로봤는지 모르겠는데;;;; 할말은 해야겠다. 배우들 연기는 워낙 좋아서 할말 없는데 원작의 남주인공 행동의 핵심이 되는 부분을 다 날려먹어서 얘가 왜 떠난지도 모르겠고 마지막에 억지스러운 연출도 눈에 거슬리고 속삭이는듯 한 독백은 진짜로 속삭이는것같아서 잘못알아 들은 부분도 있음. 몰입할만한 부분엔 어김없이 클래식음악이 터져나오고 이작품에서는 그냥 여주는 과대망상증있는 환자로 밖에 안보여서 남주인공행동에 역겨움 마져듬.
positive	원작과 조금은 다르게 각색된 조제, 하지만 마음을 울리는 무언가는 여전했다. 눈이부시게 만큼이나 좋았던 주인공들의 케미와 이케와키 치즈루 만큼이나 조제를 멋지게 연기해 낸 한지민 배우가 너무 인상적 이었다. “예쁘게, 조용하게 죽는다” 아름답고 잔잔하고 쓰린 사랑이었다.
positive	보다가 엉엉 운 영화는 오래간만 이네요
positive	살짝 지루하긴 하지만 한지민 연기 좋아요~
negative	볼만한거 그냥 쌈질 인거뿐 ㅋㅋㅋ 스토리? 하 중국 일본 짱봉이냐? 경찰 죽이고 신나로 불까지 질렀느대 조용한 동내?? 2:백명이상 싸움 ㅋㅋㅋ 박평식 이걸 패싸움으로 비유했다 그냥 학살한거지 그리고 초반부에 아에 스토리 어떻게 될지 다 예상 가더구만 반전 전혀 없고
negative	진짜ㅋㅋ뻔하고뻔함ㅋㅋ그리고 공감도안되고;;이게 감동적인이야긴가...? 히지원이 대학생으로 나오는데..진짜 공감 안됨..
positive	요즘엔 나올수없는 영화. 아역연기도 대단. 약간 흐름과 설정이 의문 스러운건 있지만 오래된 거라 이해하기로. 유치한거 없이 좋앗다.
negative	너무 자극적이고 극단적임
positive	다들 연기를 잘 하셔서 몰입이 잘 되었어요. 깨달음을 주는 좋은 영화입니다.
positive	꿀잼!!!!ㅋㅋㅋㅋ
positive	우와 진짜 보는 내내 울엇어요
positive	허상을 좇는 현대인들의 결말을 보여주는 것 같음. 주인공 자체가 허상을 좇는 사람. 가상편지, 가상게임, 가상연예. 그 가운데서 자신의 공허한 외로움을 달래보려고 했으나, 허상으로는 결국 채울 수 없었다. 채워지는 듯했으나 남는 것은 더 큰 상실감 뿐이다. 결국 테오도르에게 남는 것은 자신 곁에 남아있는 친구였다. 허상의 것으로 외로움을 채우려는 현대인들에게 결국 남는 것은 게임도 가상연예도 아닌 내 주변에 실제하는 사람의 관계라는 것. 그것의 소중함을 말하고 있는 듯 하다.  외로울수록 비현실로 해결하려말고 현실과 마주대하여야함. 그리고 허상이 아닌 자기의 실제의 관계를 소중히 여기고 그것을 붙잡아야 한다.
positive	앞으로도 좋은 명화 부탁드립니다~
positive	시대가 살린 찐따 공백 10글자
negative	갠적으로 키이라 넘좋아하는데 이배역은  안어울렸...ㅠㅠㅠ
negative	걍 그냥 그럼...시간 좀 낭비한 기분
negative	별 두개도 아까운영화 ....연기력과 남주혁이 잘생겨서 별 두개줌
positive	내 생에 이런 감동적인 영화는 이것뿐이다
positive	이웃 사람 킬링타임에 보기 딱 좋음ㅋㅋ
jpositive	영화관에 사람 한 명도 없이 혼자 봤는데 진짜 보는 내내 음향에 감탄했어요 숨 쉬는 크키 나레이션 등등 긴장감 조성하는 분위기는 음향이 다 했다 ㄹㅇ 원작 보고 조만간 또 볼 거에요 두 번 보면 사소한 포인트를 더 찾을 수 있어 좋아요!!!
positive	노래가 다한 영화임 진짜로ㅋㅋ
positive	오늘 봤는데 저는 원작보다 좋았어요 감성맬로 좋아해서 원작의 불편한 부분 각색도 좋았고 한지민 남주혁 두 배우 절제된 연기 좋았어요생각나고 여운이 상당하네요
positive	신기한 영화네요...
positive	추격자는 진짜 수십번봐도 재밌다 야4885 너지?
negative	새로운 조제를 기대했지만, “왜?”라는 의문이 드는 순간, 원래 조제를 찾게 됐다
positive	이 영화는 정말 찐 이다  ㅎㄷㄷ
positive	너무 잔인.. 불키고보세요
negative	36살 페미니스트에겐 너무나 어렵고 관심없는 장르엿나보다
negative	영화 300의 데칼코마니 아류ㅎㅎ
negative	결국 알기전엔 이해 못한다는 것인가
negative	역사왜곡의 전형적인 국뽕 상업영화. 왜 우리의 폭력은 괜찮고 그들의 폭력은 나쁜 것인지???
positive	뒤돌아서 더 생각나는 영화
positive	바다에 관해 그것이 품고있는 생명에 대해 너무나 생생하게 표현되었다.인간들의 무분별한 생태계 파괴 속 에서 자연의 소중함을 알아가는, 지키려 하는 이들 나도 그들처럼 되고싶다.
positive	한국감성의 조제가 더 좋았다
negative	으 OO!!! 으 OO ! 오우
positive	원작보다 어두운 느낌이 많이 있지만 조제의 어둡고 세상에 섞이지 못했던 낯선 마음을 표현하고자 한거 아닐까 생각한다... 한국인이라 그런가; 원작보다 더 큰 여운과 먹먹함이 더 크게 느껴진다... 현실에 놔버렸던 손들이 있나 생각해본다
positive	오래전에 봤던 영화인데 갠적으로 아주 수작이라고 느꼈고, 감정이입이 깊이 되는...생각을 하고 떠올려보게 하는 영화입니다.
positive	큰 기대 없이 영화를 보기 시작해서 너무 짜임새 좋은 연출에 빠져들었습니다. 주연 배우 분들도 몰입감있게 연기 너무 잘해주시고, 마음이 져려오게 만든 영화였습니다. 흑백과 컬러로 현재와 과거를 각각 표현한 부분이 영화에 더욱 몰입할 수 있게한 연출이었습니다.제 인생 영화중 하나가 되었네요. 꼭 시간 내서 보세요!!!
positive	봐야되요! 너무 로맨틱하고 남주랑 여주 다 너무이쁘고 멋지고 다해!
negative	중반까지 나름 괜찮았는데 결말을 너무 열었다 똥싸다 끊은 딱 그 느낌
positive	사실 많은 사람들이 정신적으로 불안정하며 주어진 난관에 봉착해서야 표면으로 들어난다고 생각한다. 현대사회의 이면을 적절한 스토리텔링으로 잘 만들어냇다
negative	박신혜가 지가 물 안마시고 화분에 물을 줄때 작가의 성향과 수준을 알았다.
positive	감사합니다. 마흔줄에 사랑을 접해봅니다. 가끔씩 혼술중에 꺼내어 봅니다.
negative	정말 B급 갬성영화 이걸 돈주고 보다니 시간이 아깝네요
positive	남주혁님의 애틋한 눈빛에 너무 설레이면서도 가슴아팠어요
positive	이걸 왜 이제서야 냈냐구요오 !!!시국만 아니였으면 더 잘됐을 영화 . .드림하이처럼 오글거릴줄 알았지만 생각보다니엘이 연기잘해서 놀람..
negative	배우들은 너무 좋음 연ㄱㅣ도 굿스토리는....글쎄...요...
positive	잘봤어요 ㅎㅎ 잔잔했는데 안졸고 잘본거같아요
positive	나의아저씨 × 3000 짠내. 박하사탕 그래도 최근판
negative	물없이 밤고구마 백개 쳐먹박신혜역할 진짜 닭대가리 빡대가리 멍청 무덤찾아가서 엄마죽은줄알거 쳐울던데갑자기 엄마 뿅하고 나타남 묘비에ㅋㅋㅋ떡하니 써있는데 한자는 빡대가리여서 못읽는다쳐도 지엄마 생년월일도 모르나? 경찰서 뛰어가고 무덤뛰어가고 어휴 그동네엔 경찰서만있고 동사무소는 없나봄
negative	원작과 비교를 안해도 보는 중간중간 왜? 라는 생각을 많이하게 될 정도로 내용전개가 아쉬웠음. 연기, 분위기 다 좋았는데.. 감정자극도 부족했음. 감성적인 부분만 조금 체운거 같아서 아쉽
positive	잔잔함 속큰울림을 느껴보세요
positive	‘해피데스데이’ 재미있게 봤기 때문에 딱 그 수준의 기대를 가지고 갔고, 만족스럽게 관람했다. 고어와 호러와 틴에이저와 코믹을 이렇게 잘 믹스할 수 있나 싶다. 빈스 본과 캐서린 뉴튼의 극과 극을 오가는 표정 연기가 압권! 판권 사서 국내판 만들길^^
positive	저예산같은데 이정도의 시사정신과 연출, 연기라면 좋다. 억지스러운 고뇌보다 상황을 만들어가는 스토리에 동감한다. 김호정의 연기가 단연코 앞서간다. 어느 다큐영화보다 더 다큐같은 영화. 짚어갈만한 소재이다.
positive	남주혁의 발견. 한지민의 물오른 연기.
positive	니엘의 마지막 무대를 위해 달려가는 스토리 :) 재밌게 잘 봤습니다아
positive	감동적이라서 재미있었어용
positive	와 이건 레알 찐이다 시간가는지모르고봄 작가 이런생각어떻게함...
positive	혹시 멜로 좋아하시나요???_????그럼 무조건 보세요 저 이프온리 이터널션샤인 노트북 같은류의 영화 좋아하시면 무조건 좋아하실 겁니다. 저 영화 리뷰 처음 써봐요 진짜 알바 1도 아니고 ㅠㅠㅠ코로나로 적자일텐데 ㅠㅠ 혼자만 보는게 아까워서 ㅠㅠㅠ생략된게 많아 아쉽지만 더 혼자 생각하는계기가 되네요
positive	일본 영화가 일상을 보여 준다면 우리 영화는 비일상을 보여주려 애쓴다.
positive	때론, 한 시간이 일주일 같고 일주일이 한 시간 같다. 시간을 재창조하는 놀란식 플롯 마술, 전쟁의 원형적 공포와 생생한 현장감, '살아 돌아오는 것이 곧 승리'라는 휴머니즘의 미학까지. 감탄의 체험에서 감동의 서사로!
negative	뭘 말하는거지 모르겠네...
positive	뮤직영화인만큼 음향이 세련되서 좋았고 영상미가 감각적으로 예뻐서 듣는맛 보는맛을 충족시켜준 영화. 세련되고 압도적인 사운드가 아직도 귀에서 맴돈다.무엇보다도 니엘의 연기가 생각보다 몰입도가 좋고 표정및 감정선이 매끄러워서 매우 놀랍다
negative	아직 아마추어느낌이 너무난다
positive	전종서<영숙이> 미쳣다 광기연기... 계속 기억에 남는드
positive	어렵게 아이를 갖었었던 과거를 생각하며...아이를 갖고자 하는데 맘대로 안되는 불임부부의 고충을 느낄 수 있었다. 플러스 약간의 유머도 젛았다.
negative	스토리는 빈약하다고  느꼈지만 배우들 연기는 좋았어요
positive	요즘 신작 볼 게 없었는데 그저 감사... 스케일도 크고 몰입감도 꽤 좋은 편이라 극장에서 볼 만 할겁니다. 이 전쟁이후 일본의 만행이 난징대학살입니다. 나쁜 일본놈들
positive	이보림 너무 이쁘네요..좋은 신인배우 나온거같은?니엘은 역시 가수라 노래좋네요3명 주연 조합도 좋았고뮤직드라마라는 장르가 신선했습니다~
positive	현대 사회의 복잡한 문제를 어느 한 관점에 치우치지 않고 그려냈다. 사회안전망이라는 현실과 이민자들의 현실, 가족 사랑의 현실이 균형을 이룬다. 그 위에 주연 배우 나에마 리치의 놀랄만한 연기가 펼쳐진다. 대박!
positive	조제의 세상을 보는라 2시간이 금방 지나갔어요 좀더 조제랑 영석이의 케미를 보고싶네요 ㅠㅠ
positive	영석과 보낸 시간이 행복했지만 꿈을 꾼듯이 아련하고 쓸쓸해요ㅜ그래도 두려움을 딛고 세상밖으로 나온 조제가 또 다른 조제만의 쉼터에서 오롯이 따쓰한 햇살을 맞이하며 행복한 모습으로 어딘가에서 살아가고 있기를...
negative	슬프고 먹먹하지도 않고 내용 이해도 잘안가고 ... 기대해서 그런지 많이 실망
negative	추억으로 반가웠는데 그림체는 둘째치고 내용이 재미없어요. 전에 봤을땐 이렇게 억지내용 아니었는데. 내용 하나하나 어이없네요
positive	1997로 돌아가고 싶다
positive	1997로 돌아가고 싶다
positive	남주혁의 깊고 섬세한 연기가 마음이 찡해졌다
positive	너무 감동적이고 연기 너무 잘해요 저 세번이나 울었어요
positive	마지막 부분에조제가 “이제 괜찮아” 할 때가 명장면 같네요.
positive	80~90년대 홍콩 감성.... 한국에도 00년대까지 이런 감성 있었는데, 요즘은 이런 감성 거의 안남음...
positive	보고나서 너무나 감명받았던 명작. 아직도 잊혀지지 않는다
positive	디테일과 영상미가 정말 쩌는 영화. 두 남녀의 감정을 어설프게 폭발시키기 보다 잔잔하게 끌고 가는..배우들의 연기도 좋았지만 특히 남주혁씨의 연기는 정말 영석 그 자체로 녹아 들어간 것처럼 장면 장면에 몰입하게 만들었어요. 두 배우가 전작과 겹쳐 보일까 걱정 했는데 두분다 예전 작품은 1도 느끼지못할 정도로 조제와 영석 그 자체로 나타났네요.
positive	다른사람처럼 영화가 하면 그냥 보게 된다ㅋ좋다 그리고 더 오래전 영화같은데 2000년대에 나왔바는 것도 놀랐음 내가 십대때 개봉한...
negative	유아인이 없다면 소리도 없이 죽겠다.
positive	웅장함이 있습니다. 대하드라마 느낌?
negative	평점 실화냐 열자 채우란다 할 말은 평점 실화냐밖에 없는데
positive	이게 뭐야  ㅋㅋㅋㅋ 와 ㅋㅋㅋ
positive	최애배우 지민씨 연기를큰스크린에서보니좋았어요조제를잘표현해주셨고아름다움이스크린을뚫고나오네요
positive	잔잔하게 흐르지만 굉장히 이야기를 궁금하게 잘 이끌어 나간다
positive	우선 쵝오는 영상의 아름다움 이였습니다 !! 배우들 연기력의 몰입도가 정말 좋았구요조제 숨소리  대사  표정 하나하나  영화가 끝날때까지 눈을 뗄수 없었습니다 집에 와서 지금까지도 조제 눈빛 목소리가 아른 거려요 ㅠㅠ 남주혁씨의 연기도 당연히 좋았구요 제맘속에 한지민씨가 조제로 오래 기억 될꺼 같네요   허름하지만 영상의 담겨진 조제의 집은 너무 감성적이였어여  그 집에 있는 소품들이  아직도 눈에 아른 거리네요 .... 마음속에 담아 두는 여운이 오래 가는 영화인거 같습니다 !! 좋은 영화 감사합니다 ~~
positive	1984년에 나와 한국에서는 300명도 보지 않은 바람계곡의 나우시카 . 이 영화는 46년이 지난 오늘날 많은 사람들에게 회자되고 있는 '그' 영화이다... 영화 이야기가 현실로 다가오는 것 같아 더욱 와닿는 영화.
positive	이 맘때쯤 다시 찾아 보고 싶은 영화그 시절이 그립고 보고 싶고 가슴 아픈 영화잔잔한 여운이 오랫동안 남아 있다.
negative	조선족과 전라도는 패야한다
negative	원작 내용 아무것도 모르고 봤더니 무슨 내용인지 모르겠네요 ㅎㅎ배우들 연기는 좋은데 뭘 이야기하려는건지도모르겠고 다보고나니 졸리네요
negative	페미니즘의 핵심, 메갈 워마드의 근원, 남혐와 남녀갈등의 주범인 레즈비언 영화까지 나오냐 ㅋㅋ 문정권 아니랄까봐 아주 갈때까지 가는구나
negative	몰입도는 좋으나 어디까지나 소설같은 얘기 같습니다.
positive	여러가지 아쉬운 점은 있지만 지브리 작품들을 좋아하는 사람에게는 좋은 선물
negative	주인공이 저때 죽었으면 하는 영화감상포인트가 없는데 찍으래서 걍찍음
positive	연기 최고이십니다!!!
positive	간만에 괜찮을 영화 보게 되어 뿌듯합니다.
negative	노잼 지루하고 재미없음..그냥 많이 지루하다. 왜이렇게 평이 높은지를 모르겠다
negative	좋게말하면 힐링영화 나쁘게 말하면 잠오는 영화 영화.  영화 관람후 찾아보니 소설? 원작이 있는것 같은데  소설좋아하는 사람이 보면 좋아할듯 스토리는 후반부로 갈수록 집중이 잘 안되고 영화를 통해 작가가 하고싶어하는 말이 뭔지모르겠음 그냥 왜 만들었는지 모르겠는데 연기를 잘해서 봤다 정도?
positive	이 영화가 개봉하고 사람들이 계속 하늘을 쳐다보는 라퓨타 증후군이라는 것이 생겼다지...
positive	애잔하네요....두 사람 연기 좋았으요
positive	재밌어요!!!! 푹 빠져 봤네용 하하핫
positive	자식을 키우는 부모는 꼭 봐야할 영화
positive	두 배우님의 연기가 너무 좋았고 너무 잘어울렸습니다 영상도 너무 예뻤고 특히 스코틀랜드 장면 너무 예쁘게나온것같아요 마지막에 아이유님 오에스티도 신곡은 아니였지만 영화 분위기와 잘 맞는것같아서 원래 영화 끝나자마자 나오는데 노래 한 중반정도까지는 듣고나왔어요 좋았습니다
positive	현실과 상상의 공간, 나즈막하고 간결한 대사,  배우들의 감정선이 하나인것 같은 회색영화. 그러나 내 감정도 그선을 따라 생각에 잠기는 순간 회색에서 초록으로 변하는 그런 영화^^  보는 내내  생각을 많이 할수 있었던 잔잔한 여운이 오랜 남는 영화로 기억될것 같다. 일본 영화보다 더 좋았다.
positive	니엘이가 너무 예뻤고 니엘이에 새로운 모습을 봐서 너무 새로웠고 너무 좋았다!!! 그리고 니엘이가 부르는 손가락질 부분에서 소름이 쫙 끼쳤다. 연기도 잘하고 노래도 너무 잘하는 니엘이 역시 믿고보는 안다녤 기대하고 봤는데 기대이상이었다. 여운이 깊게 남는 영화!!!
negative	아무리 놀란버프라도 이건 좀 노잼
positive	가슴아픈이별이야기x아름다운사랑이야기o
positive	배우들 연기 명품이네요. 중간중간 연결부가 살짝 모자란 느낌이 들었네요. 굳이 2시간에 딱 맞춰야했는지. 재밌게 봤습니다.
negative	원작에 비해 아쉬움...
positive	영화 처음부터 끝까지 최규진 배우님 나레이션이 깔리는데 목소리가 너무 좋다. 러닝타임이 긴 편이 아니라서 인물 정보라던가, 관계라던가 그런걸 나레이션으로 읊어주니까 빠른 전개가 가능했다. OZ 캐릭터 자체도 너무 매력있었다. 노는 이미지인 L이랑 항상 같이 다니면서 맞춰주지만 친구가 엇나갈 때는 확실히 잡아주는.. 요리하는거나, 착하게 손가락 욕 하는 것만 봐도 매력이 어마어마하다.니엘님 연기를 너무 잘하신다. 아이돌을 연기 시켜놓은거 같다는 생각이 전혀 안 들었다. 포지션이 노래인걸로 아는데 랩도 잘하심. 찐 올라운더.. 다른 작품에서도 볼 수 있었으면 좋겠다!영화 보러가기 전에 포스터나 예고편 같은걸 다 챙겨보고 가는 편이라 ost를 미리 여러번 듣고 갔는데 그 ost들이 영상, 스토리라인, 배우들과 엮여서 영화관 스피커로 빵빵하게 들리니까 진짜 소름이 돋는다. 영화 보러 가시기 전에 ost 한번씩 들어보고 가시길 추천드린다.주연 세 배우 말고 L의 이모, 래퍼들, L 좋아하는 여자 같은 배우분들도 유명하신 분들이다. 음악영화라고 연기는 안되고 노래만 때려박은 그런 작품이 절대 아니었다.
positive	좋아하는 배우가 출연하여... 주관적인 평점. 실제 사건을 바탕으로 만들어진 작품이라 한번이라도 관람하고 관심 갖아주면 좋겠다다는 생각도 포함.결말이 아쉽지만...용루각2를 기대해 봅니다.
negative	딱 두가지만 기억하세요.1. "OOO아"2. 소화기가 몇번 나오는지 보세요.주인공들 최애아이템
positive	지나간 사랑은 찰나의 순간 사무치게 그립다
positive	재개봉해라 진짜 최고다
negative	믿.고.거.름
positive	왜 눈물이 나나..   참 아름다운 영화다....
negative	관객더러 이해하라며 노력하게 만드는 불친절한 영화. 조제와 같은 사랑을 인생을 살며 한번쯤은 해보고 싶라는 생각이 들 찰나 왜? 가 되어버리는 스토리라는 것은 그 왜를 설명해주지 않고 지나쳤기 때문이라 장담한다
전하고자 하는 메세지가 불분명하고 씬간의 개연성이 현저히 낮음.
negative	걍요ㅋㄲㄲㄲ4454646464
negative	욕이 나온다. 영화를 발로 만드셨나?
positive	한시간반정도, 사랑이야..? 이럴 수 있나, 그래서 무슨 말이 하고싶은데? 라는 생각이 들었다. 마지막 장면에서 흘러가는 이야기들이 사랑이었음을 알게 해준다. 영석은 비록 환경에 졌지만 진짜 사랑을 깨달았고 조제는 그 사랑을 얻었기에 놓아줄 수 있는 사람이 되었다. 사랑이라는 감정을 한번 더 생각하게 하는 영화. 진짜 누구를 사랑한다는 마음이 너무 쉬운데, 어렵고 아프다ㅜㅜ
negative	평점이 높아서 기대했지만 다큐는 다큐
positive	재개봉해서 이시국에도 보러갔다. 놀란 감독 영화는 n차 관람이 진리
positive	너무 잔인함. 연기나 연출은 좋음
negative	쓰레기. 완벽한 쓰레기.
negative	한지민 배우님은 상대방 배우가 끌어주지 못하면 발휘를 못하는거같아요 취향차이라면 취향차이지만, 미쓰백이후로 사회적약자를 연기하는 마음은 너무 아름답지만, 마음에 와닿지 않는 것을 연출이나 다른 배우에게서 찾기도 힘드네요 기대만큼 실망만 하게되어서 글 남겼습니다.
positive	두 번 봤어요. 정말 감동적입니다. 보시기를 추천드려요.
positive	편견이 가득한 세상에서의 사랑은목마르다는 것을 보여주는 영화
positive	어디선가 조제가 열심히 살아내고 있을 것 같습니다.너무 마음 아린 영화였어요 잘 봤습니다.
positive	니엘 연기도 잘하고 노래도 너무 잘해요 배우들 케미가 좋았어요 !
positive	일본 원작을 안봐서 비교를 할수 없는데너무 여운 있는 영화네요.
positive	보는 내내 가슴이 먹먹하다
positive	메마른 연못에 호랑이 아니오고 물고기 아니사는 법.
positive	사랑하는 사람을 더 감사히 사랑하며 하루의 일상을 더 소중히 간직하며 살아가야겠네요감사합니다
positive	안나의 거짓말은 가족을 위함보다 그를 사랑하는 마음이 더 컸음을.
positive	정말 잘 짜여진 연극 혹은 아트북을 본 느낌. 장면 전환이 극적이었고, 카메라는 정적인 동시에 극적이었다. 최고의 영화
positive	생각없이 보다가 B급 감성이 폭팔하는 덥치는 씬에서 오랜만에 한 번 크게 웃어봤네요. 출연진을 생각하면 굳이 이런 영화를 찍어야 했나 싶지만 이정도 연기력이니 영화가 진행은 되는구나 이해도 되네요.
positive	이 영화에서 재미를 느끼기위해 본 이들은 평점이 형편없을것이다. 이 영화는 재미없다. 인간의 삶 자체가 재미없기 때문이다. 실수투성인 인간이 잘 난줄 알고 착각속에서 사는것이 오히려 죽으러 가는것인줄 모르기 때문이다. 이영화를 마지막 음악까지 감상하며 눈 감아 명상하면 가슴이 먹먹해 온다.
positive	2시간이 금세 지났네 저렇게 잔잔한데 시간이 느린 영화 조제인데 두배우의 감정이 고스란히 전달된 명작..  특히 한지민 미모 폭발ㅠ 코로나로 힘든데 실컷 울다왔음 감사요~
positive	낮은 시점, 한줌의 햇빛, 나오지 못하고 속으로 들어가는 목소리, 불편해... 사랑하게 되서 불편해
positive	원작을 보신분이라면 좀 아쉬울것 같고,그냥 가벼운 마음으로 본다면 괜찮은 영화. 원작의 느낌을 찾기보다 한지민과 남주혁만의 감성에 몰입해보길 추천.
positive	냉정하게 말해 원작에는 못 미칩니다. 원작 보신 분들은 기대를 안하시는 게 나을 듯 싶습니다
positive	기대이상!! 니엘 매력이 미쳤음..
positive	다른 방식으로 접근하는 김종관 감독의 패기력, 그래도 특유의 낭만적인 연출력은 좋다.
positive	원작 못지 않은 영화. 수족관 속 물고기를 동정하는 건 물고기에게 대단히 실례가 되는 일.
positive	이 영화의 잘못은 이 내용을 영화로 만들었다는 것이다. 아무리 감독이 <이해하지 말고 즐기라>고 온갖 매체와 내용을 통해 강요를 할지라도, 모든 사람들이 불편하게 될 수밖에 없는 구성을 가지고 있다. <이과적 사람: 저건 아닌데?> <문과적 사람: 뭐라는 거지?> <액션씬을 즐기는 사람: 어떻게 싸우는 거지?> <메시지가 중요한 사람: 왜 이렇게 됐지?> <외모를 보는 사람: 닐ㅜㅜ> <놀란을 보는 사람: 역시.. 근데 뭐?> 어쨌든 가장 큰 오류는 "빛"이다!!!! 인버젼 했지만 빛이 순행한다. 음식을 먹고, 변을 보는 일도 인버젼 되면 어떻게 할 것인가???! 그래도 소재와 연출이 흥미롭다. 재밌는 영화다.
positive	따뜻하면서도 쓸쓸하고 먹먹해요 밖에 나가는 걸 싫어한다며 스스로를 가두고 살던 조제가 운전하며 웃던 모습, 조제를 떠올리다 차창 밖을 보면서 눈물을 삼키던 영석의 모습이 오래 기억에 남을 것 같아요.. 마지막에 아이유님 노래까지ㅠ 최고였어요
negative	누구 말씀대로사회를 똑바로 직시하셔야 될 분들이 사회를  똑바로 못 보기에...정말 답답하네요.영화도 많이 빈틈이 많이 답답하고...
positive	1라운드에 끝낼때는 통쾌한 액션 영화를 보는 것 같았고, 마지막에는 감동 드라마로 끝난다.가족보다, 혈육보다 진한 연대. 그리고 목숨을 바친 열정이라는 단어의 의미를 담은 영화다.
negative	졸림 그리고 스토리는 별로 와닿지 않은편
positive	전쟁 액션 블록버스터의 장점과 실화의 감동 다 갖춘 영화였음
negative	리틀 포레스트와 같은 리메이크를 기대했는데 너무 실망입니다아.. 후 자동차 극장에선 더더욱 보지마세요 영화 자체가 어두워서 진짜 잘안보입니다ㅠ 최근에 본 영화 중 제일 노..잼....
negative	어휴  이딴걸영화라고ㅋ
negative	솔직히 기대도 안했지만 연출이 너무 형편없어서 보는 중간중간 헛웃음이 나왔다ㅋㅋㅋㅋ 조제없는 조제라는 평론에 공감한다ㅋㅋ
positive	따뜻하다??보고 나왔는데 안춥다..ㅎ
positive	소희의 연기가 유일한 아쉬움.딱 내가 좋아하는 장르의 영화.잔잔한 여운이 계속계속 맴돈다
positive	정말 순수한데 연기디오의 영화
positive	ㅠㅠ 진짜 눈물남모두의연기가너무좋고외로운이들에게 많은 위로를 주는영화인거같다정말좋은소설을 읽은 기분 ㅠㅠ 정말좋은영화다
negative	워너의 떨이상품, 이쯤되면 긁어 부스럼.
positive	좋아하는 두배우의 연기력이 돋보이네요!굿!
positive	한지민 × 남주혁의 케미연기가 영화에 몰입도를 더해지는 영화!!  그리고 엔딩크레딧 bgm(아이유-자장가)까지
positive	이건 후속작이 나올가능성이 높다고 생각합니다 이유는 엔딩에서 형사가 그녀의탈출을 도왔기 때문이죠 후속작에서는 라일리가 어떻게 행동할지는 알수가 없습니다